City_ID,City,Country,Date,Lat,Lng,Max Temp,Humidity,Cloudiness,Wind Speed
0,Tuktoyaktuk,CA,2022-03-14 04:27:03,69.4541,-133.0374,-9.4,77,40,12.66
1,Rikitea,PF,2022-03-14 04:27:04,-23.1203,-134.9692,80.49,71,70,14.36
2,Kodiak,US,2022-03-14 04:27:04,57.79,-152.4072,38.71,81,100,16.11
3,Bethel,US,2022-03-14 04:22:34,41.3712,-73.414,29.93,72,100,0.0
4,Lagoa,PT,2022-03-14 04:27:05,39.05,-27.9833,55.11,62,82,8.12
5,East London,ZA,2022-03-14 04:27:06,-33.0153,27.9116,63.54,88,75,20.71
6,Georgetown,MY,2022-03-14 04:26:00,5.4112,100.3354,87.73,77,20,4.61
7,Khatanga,RU,2022-03-14 04:27:06,71.9667,102.5,-1.46,94,100,11.52
8,Cape Town,ZA,2022-03-14 04:24:03,-33.9258,18.4232,57.61,66,20,8.05
9,Kalna,IN,2022-03-14 04:27:07,23.2167,88.3667,88.11,21,27,6.71
10,Jamestown,US,2022-03-14 04:22:13,42.097,-79.2353,35.71,48,100,11.01
11,Saint-Augustin,CA,2022-03-14 04:27:08,51.226,-58.6502,7.14,72,100,19.08
12,Butaritari,KI,2022-03-14 04:27:08,3.0707,172.7902,81.68,74,4,18.39
13,Agadez,NE,2022-03-14 04:27:09,19.75,10.25,57.49,16,0,8.32
14,Ushuaia,AR,2022-03-14 04:27:09,-54.8,-68.3,38.86,75,100,18.41
15,Avarua,CK,2022-03-14 04:27:10,-21.2078,-159.775,82.45,78,99,5.75
16,Touros,BR,2022-03-14 04:27:10,-5.1989,-35.4608,79.11,83,90,6.55
17,Pimentel,PE,2022-03-14 04:27:11,-6.8367,-79.9342,73.2,78,67,5.5
18,Esperance,AU,2022-03-14 04:27:12,-33.8667,121.9,82.24,60,11,17.31
19,Sao Gabriel Da Cachoeira,BR,2022-03-14 04:24:46,-0.1303,-67.0892,71.56,100,100,1.68
20,Kem,RU,2022-03-14 04:27:13,64.9555,34.5793,26.08,95,100,4.47
21,Coxim,BR,2022-03-14 04:27:13,-18.5067,-54.76,73.15,91,75,1.01
22,Bengkulu,ID,2022-03-14 04:27:13,-3.8004,102.2655,84.31,67,100,7.78
23,Punta Arenas,CL,2022-03-14 04:27:14,-53.15,-70.9167,41.11,81,20,27.63
24,Mataura,NZ,2022-03-14 04:27:15,-46.1927,168.8643,66.47,51,67,7.4
25,Saint George,US,2022-03-14 04:26:40,37.1041,-113.5841,59.63,19,0,5.01
26,Nikolskoye,RU,2022-03-14 04:24:41,59.7035,30.7861,33.87,97,100,3.09
27,Muisne,EC,2022-03-14 04:27:16,0.6,-80.0333,76.33,89,57,1.92
28,Shelburne,CA,2022-03-14 04:27:16,44.0787,-80.2041,27.12,86,90,14.14
29,Port Alfred,ZA,2022-03-14 04:27:17,-33.5906,26.891,65.95,85,100,26.69
30,Uribia,CO,2022-03-14 04:27:17,11.7139,-72.266,78.28,74,84,15.41
31,Yaan,NG,2022-03-14 04:27:18,7.3833,8.5667,81.05,50,32,3.58
32,Lobito,AO,2022-03-14 04:27:18,-12.3481,13.5456,78.13,82,100,4.54
33,Qaanaaq,GL,2022-03-14 04:27:19,77.484,-69.3632,-8.72,100,100,1.83
34,Tiksi,RU,2022-03-14 04:27:19,71.6872,128.8694,-14.19,97,98,1.88
35,Constitucion,CL,2022-03-14 04:27:20,-35.3333,-72.4167,60.49,71,0,3.02
36,Albany,US,2022-03-14 04:24:58,42.6001,-73.9662,26.76,71,41,1.01
37,Kapaa,US,2022-03-14 04:27:21,22.0752,-159.319,78.78,72,75,11.5
38,Ponta Do Sol,PT,2022-03-14 04:27:21,32.6667,-17.1,51.12,72,84,24.58
39,Carballo,ES,2022-03-14 04:27:22,43.213,-8.691,47.86,93,99,3.56
40,Roma,US,2022-03-14 04:27:22,43.2128,-75.4557,28.96,75,100,5.75
41,Mvomero,TZ,2022-03-14 04:27:23,-6.25,38.6667,76.84,85,100,2.48
42,New Norfolk,AU,2022-03-14 04:27:23,-42.7826,147.0587,62.1,65,100,1.99
43,Grindavik,IS,2022-03-14 04:27:24,63.8424,-22.4338,37.87,70,75,26.46
44,San Cristobal,VE,2022-03-14 04:27:24,7.7669,-72.225,69.98,96,100,1.57
45,Petrovskaya,RU,2022-03-14 04:27:25,45.4314,37.955,27.52,66,11,5.86
46,Alugan,PH,2022-03-14 04:28:25,12.2188,125.4808,83.35,76,97,7.09
47,Menongue,AO,2022-03-14 04:28:26,-14.6585,17.691,62.33,98,100,4.29
48,Markova,UA,2022-03-14 04:28:27,48.6758,24.4138,21.58,89,25,3.67
49,Riyadh,SA,2022-03-14 04:27:55,24.6877,46.7219,57.34,47,2,5.99
50,Busselton,AU,2022-03-14 04:28:27,-33.65,115.3333,78.85,54,64,6.76
51,Sinegorye,RU,2022-03-14 04:28:28,62.0788,150.477,3.6,90,100,2.82
52,Mar Del Plata,AR,2022-03-14 04:26:19,-38.0023,-57.5575,63.09,92,1,5.99
53,Hobart,AU,2022-03-14 04:28:28,-42.8794,147.3294,62.46,89,75,9.22
54,Codrington,AU,2022-03-14 04:28:29,-38.2667,141.9667,70.92,73,100,16.13
55,Coihaique,CL,2022-03-14 04:25:02,-45.5752,-72.0662,53.55,71,0,6.91
56,Snyder,US,2022-03-14 04:26:13,32.7179,-100.9176,56.08,24,0,9.22
57,Hermanus,ZA,2022-03-14 04:28:30,-34.4187,19.2345,59.67,62,60,10.74
58,Beloha,MG,2022-03-14 04:28:30,-25.1667,45.05,73.11,74,67,8.81
59,Hambantota,LK,2022-03-14 04:28:31,6.1241,81.1185,88.14,66,20,4.61
60,Anloga,GH,2022-03-14 04:28:31,5.7947,0.8973,81.46,80,62,10.69
61,Flinders,AU,2022-03-14 04:28:32,-34.5833,150.8552,77.38,71,46,3.0
62,Marzuq,YE,2022-03-14 04:28:32,14.4,46.4667,64.17,30,41,4.68
63,Zhigansk,RU,2022-03-14 04:28:33,66.7697,123.3711,-9.54,91,76,14.85
64,Lanzhou,CN,2022-03-14 04:28:33,36.0564,103.7922,57.96,24,0,2.55
65,Fallon,US,2022-03-14 04:27:50,39.4735,-118.7774,46.27,36,0,4.61
66,Merauke,ID,2022-03-14 04:28:34,-8.4667,140.3333,86.68,70,45,7.07
67,Ilulissat,GL,2022-03-14 04:28:35,69.2167,-51.1,5.02,78,100,11.5
68,La Ronge,CA,2022-03-14 04:28:35,55.1001,-105.2842,-0.15,65,20,3.44
69,Sitka,US,2022-03-14 04:28:36,57.0531,-135.33,44.49,53,100,19.57
70,Tuatapere,NZ,2022-03-14 04:28:36,-46.1333,167.6833,62.55,68,85,9.51
71,Wasilla,US,2022-03-14 04:23:55,61.5814,-149.4394,25.75,50,0,20.71
72,Xiongzhou,CN,2022-03-14 04:28:37,25.1167,114.3,82.27,53,75,1.79
73,Smalininkai,LT,2022-03-14 04:28:37,55.0735,22.5793,31.44,80,82,3.27
74,Grand Gaube,MU,2022-03-14 04:28:38,-20.0064,57.6608,83.37,79,100,7.0
75,Porto Novo,BJ,2022-03-14 04:28:38,6.4965,2.6036,80.42,83,15,4.79
76,Iqaluit,CA,2022-03-14 04:28:39,63.7506,-68.5145,-27.67,75,20,13.8
77,Raudeberg,NO,2022-03-14 04:28:39,61.9875,5.1352,45.27,61,99,8.61
78,Fortuna,US,2022-03-14 04:28:40,40.5982,-124.1573,49.66,81,0,0.0
79,Bilibino,RU,2022-03-14 04:28:40,68.0546,166.4372,3.34,84,80,2.15
80,Sao Filipe,CV,2022-03-14 04:28:41,14.8961,-24.4956,70.66,73,0,18.59
81,Half Moon Bay,US,2022-03-14 04:28:41,37.4636,-122.4286,55.49,62,0,14.97
82,Chokurdakh,RU,2022-03-14 04:28:42,70.6333,147.9167,-3.91,86,100,5.48
83,Castro,BR,2022-03-14 04:28:42,-24.7911,-50.0119,63.19,98,100,2.98
84,San Policarpo,PH,2022-03-14 04:28:43,12.1791,125.5072,83.41,75,92,7.18
85,Ancud,CL,2022-03-14 04:28:43,-41.8697,-73.8203,52.23,90,85,4.05
86,Geraldton,AU,2022-03-14 04:28:44,-28.7667,114.6,82.81,51,18,13.8
87,Cherskiy,RU,2022-03-14 04:28:44,68.75,161.3,-5.24,93,98,4.88
88,Atuona,PF,2022-03-14 04:28:45,-9.8,-139.0333,79.03,74,100,14.94
89,Vostok,RU,2022-03-14 04:28:45,46.4856,135.8833,31.15,81,100,2.21
90,La Asuncion,VE,2022-03-14 04:28:46,11.0333,-63.8628,75.81,81,100,11.95
91,Viedma,AR,2022-03-14 04:28:46,-40.8135,-62.9967,69.84,39,75,9.44
92,Vao,NC,2022-03-14 04:28:47,-22.6667,167.4833,79.75,79,65,14.56
93,Rawson,AR,2022-03-14 04:28:47,-43.3002,-65.1023,61.02,52,33,3.02
94,Port Elizabeth,ZA,2022-03-14 04:29:48,-33.918,25.5701,61.09,82,0,14.97
95,Saint-Philippe,RE,2022-03-14 04:29:48,-21.3585,55.7679,76.59,85,100,12.53
96,Tucuman,AR,2022-03-14 04:29:49,-26.8241,-65.2226,66.2,94,75,2.3
97,Rio Grande,BR,2022-03-14 04:29:49,-32.035,-52.0986,66.31,75,94,4.25
98,Karratha,AU,2022-03-14 04:29:50,-20.7377,116.8463,96.71,40,0,10.04
99,Arraial Do Cabo,BR,2022-03-14 04:29:50,-22.9661,-42.0278,76.71,91,7,15.39
100,Verkhnedneprovskiy,RU,2022-03-14 04:29:51,54.9813,33.3457,28.11,94,98,6.91
101,Dikson,RU,2022-03-14 04:29:51,73.5069,80.5464,-3.23,97,100,15.97
102,Longyearbyen,SJ,2022-03-14 04:29:52,78.2186,15.6401,37.24,70,75,18.41
103,Yellowknife,CA,2022-03-14 04:29:52,62.456,-114.3525,-13.45,76,0,5.75
104,Bluff,NZ,2022-03-14 04:28:43,-46.6,168.3333,66.79,73,72,8.39
105,Krasnozerskoye,RU,2022-03-14 04:29:53,53.9828,79.2374,2.19,88,16,11.45
106,Ponta Delgada,PT,2022-03-14 04:29:54,37.7333,-25.6667,56.5,62,75,9.22
107,Lompoc,US,2022-03-14 04:29:54,34.6391,-120.4579,53.02,80,0,24.0
108,Serenje,ZM,2022-03-14 04:29:55,-13.2325,30.2352,59.65,97,100,3.83
109,Mahebourg,MU,2022-03-14 04:29:55,-20.4081,57.7,83.25,83,75,11.5
110,Shaunavon,CA,2022-03-14 04:29:56,49.6501,-108.4181,29.98,98,93,4.7
111,Rosetta,EG,2022-03-14 04:29:56,31.4044,30.4164,48.06,58,12,13.49
112,Lebu,CL,2022-03-14 04:29:57,-37.6167,-73.65,56.01,87,1,16.06
113,Turochak,RU,2022-03-14 04:29:57,52.2576,87.1224,19.54,89,100,0.81
114,Mareeba,AU,2022-03-14 04:29:58,-17.0,145.4333,76.44,87,100,5.28
115,Luderitz,NA,2022-03-14 04:29:58,-26.6481,15.1594,60.96,69,0,27.45
116,Goderich,CA,2022-03-14 04:29:59,43.7501,-81.7165,32.92,80,100,5.75
117,Mount Gambier,AU,2022-03-14 04:29:59,-37.8333,140.7667,84.11,45,100,6.91
118,Mayo,US,2022-03-14 04:30:00,38.8876,-76.5119,39.15,70,0,5.75
119,Puerto Ayora,EC,2022-03-14 04:30:00,-0.7393,-90.3518,75.54,97,38,2.82
120,Salalah,OM,2022-03-14 04:30:01,17.0151,54.0924,77.09,31,0,1.14
121,Otane,NZ,2022-03-14 04:30:02,-39.8833,176.6333,63.01,74,100,6.82
122,Chumikan,RU,2022-03-14 04:30:03,54.7183,135.315,25.63,74,65,11.39
123,Cap Malheureux,MU,2022-03-14 04:30:04,-19.9842,57.6142,83.46,79,96,7.0
124,Minggang,CN,2022-03-14 04:30:05,32.4586,114.0486,73.22,33,100,15.9
125,Pisco,PE,2022-03-14 04:30:06,-13.7,-76.2167,69.85,78,0,2.3
126,Hamilton,US,2022-03-14 04:30:07,39.1834,-84.5333,44.1,61,0,6.91
127,Alekseyevsk,RU,2022-03-14 04:30:08,57.8406,108.3492,6.55,76,100,3.47
128,Saskylakh,RU,2022-03-14 04:30:09,71.9167,114.0833,-6.52,94,94,3.33
129,Yeppoon,AU,2022-03-14 04:30:10,-23.1333,150.7333,85.78,61,100,19.15
130,Chuy,UY,2022-03-14 04:30:10,-33.6971,-53.4616,58.24,89,0,2.28
131,Vaini,TO,2022-03-14 04:30:11,-21.2,-175.2,78.96,94,75,0.0
132,Panaba,MX,2022-03-14 04:30:11,21.2833,-88.2667,70.72,66,99,9.35
133,Alofi,NU,2022-03-14 04:30:12,-19.0595,-169.9187,80.49,83,40,1.14
134,Roald,NO,2022-03-14 04:30:12,62.5833,6.1333,48.34,31,100,9.22
135,Rabo De Peixe,PT,2022-03-14 04:30:13,37.8,-25.5833,55.27,87,75,9.22
136,Kavieng,PG,2022-03-14 04:30:14,-2.5744,150.7967,85.64,64,26,12.19
137,Pangnirtung,CA,2022-03-14 04:30:14,66.1451,-65.7125,-29.29,91,18,4.81
138,Rongcheng,CN,2022-03-14 04:30:15,30.634,117.8517,78.75,61,82,11.81
139,Ilhabela,BR,2022-03-14 04:30:15,-23.7781,-45.3581,75.58,92,96,2.89
140,Lahaina,US,2022-03-14 04:29:52,20.8783,-156.6825,80.6,82,51,8.16
141,Quelimane,MZ,2022-03-14 04:31:16,-17.8786,36.8883,75.15,94,75,18.41
142,Oktyabrskiy,RU,2022-03-14 04:28:05,54.4815,53.471,6.98,95,98,6.49
143,Jumla,NP,2022-03-14 04:31:17,29.2747,82.1838,68.29,14,5,4.14
144,San Jose,US,2022-03-14 04:27:38,37.3394,-121.895,55.54,56,75,9.22
145,Carnarvon,AU,2022-03-14 04:31:18,-24.8667,113.6333,82.47,57,0,19.57
146,Buwenge,UG,2022-03-14 04:31:19,0.6422,33.1744,67.28,84,92,1.1
147,Provideniya,RU,2022-03-14 04:31:19,64.3833,-173.3,19.51,53,0,8.99
148,Hilo,US,2022-03-14 04:29:33,19.7297,-155.09,74.93,79,75,5.75
149,Blacksburg,US,2022-03-14 04:28:25,37.2296,-80.4139,41.16,66,0,3.44
150,Barrow,US,2022-03-14 04:31:21,71.2906,-156.7887,1.42,78,20,11.5
151,Kabo,CF,2022-03-14 04:31:21,7.6994,18.629,74.77,45,30,3.53
152,Barcelona,ES,2022-03-14 04:31:22,41.3888,2.159,55.69,69,75,18.41
153,Seymchan,RU,2022-03-14 04:31:22,62.8833,152.4333,2.34,82,100,1.03
154,Placido De Castro,BR,2022-03-14 04:31:23,-10.3353,-67.1856,70.23,100,99,2.3
155,Quatre Cocos,MU,2022-03-14 04:31:23,-20.2078,57.7625,83.08,81,100,12.5
156,Ribeira Grande,PT,2022-03-14 04:31:24,38.5167,-28.7,55.87,64,92,7.07
157,Le Port,RE,2022-03-14 04:31:24,-20.9373,55.2919,81.25,72,62,5.75
158,Thompson,CA,2022-03-14 04:26:33,55.7435,-97.8558,-0.24,65,20,6.91
159,Chapais,CA,2022-03-14 04:31:25,49.7834,-74.8492,4.78,99,100,3.09
160,Talnakh,RU,2022-03-14 04:27:22,69.4865,88.3972,-2.79,93,100,8.05
161,Methoni,GR,2022-03-14 04:31:26,36.8197,21.7049,46.22,78,96,11.99
162,Mosetse,BW,2022-03-14 04:31:26,-20.75,26.65,71.91,59,92,9.04
163,Emba,KZ,2022-03-14 04:31:27,48.8264,58.1442,7.86,93,81,4.76
164,Padang,ID,2022-03-14 04:31:28,-0.9492,100.3543,84.25,83,97,4.81
165,Hasaki,JP,2022-03-14 04:31:28,35.7333,140.8333,73.8,68,11,13.35
166,Kutum,SD,2022-03-14 04:31:28,14.2,24.6667,60.8,21,9,7.11
167,Pemangkat,ID,2022-03-14 04:31:29,1.1667,108.9667,84.65,64,86,8.48
168,Albanel,CA,2022-03-14 04:31:30,48.8832,-72.4487,12.34,71,99,2.3
169,Victoria,HK,2022-03-14 04:30:56,22.2855,114.1577,81.97,79,32,8.01
170,Tanete,ID,2022-03-14 04:31:31,-3.9443,119.7848,88.83,66,51,5.66
171,Launceston,AU,2022-03-14 04:31:31,-41.45,147.1667,71.15,63,100,21.85
172,Arenapolis,BR,2022-03-14 04:31:32,-14.4503,-56.8461,71.87,98,100,1.81
173,Kahului,US,2022-03-14 04:29:17,20.8947,-156.47,80.62,66,20,9.22
174,Tura,IN,2022-03-14 04:31:33,25.5198,90.2201,92.62,14,3,5.23
175,Jalu,LY,2022-03-14 04:31:33,29.0331,21.5482,49.46,55,2,9.15
176,Stykkisholmur,IS,2022-03-14 04:31:35,65.0757,-22.7297,33.57,83,100,21.12
177,San Patricio,US,2022-03-14 04:31:35,28.017,-97.5169,64.49,76,88,10.51
178,Tsabong,BW,2022-03-14 04:31:36,-26.0217,22.401,64.62,90,100,7.54
179,Kyakhta,RU,2022-03-14 04:31:36,50.3508,106.4494,15.98,87,100,14.23
180,Heythuysen,NL,2022-03-14 04:31:37,51.25,5.8986,49.98,71,100,10.56
181,Inhambane,MZ,2022-03-14 04:31:37,-23.865,35.3833,78.39,85,2,7.09
182,Carlos Barbosa,BR,2022-03-14 04:32:38,-29.2975,-51.5036,63.54,97,100,0.58
183,Bonthe,SL,2022-03-14 04:32:38,7.5264,-12.505,76.28,94,98,6.73
184,Camopi,GF,2022-03-14 04:32:39,3.1655,-52.3158,72.43,99,100,1.83
185,Leningradskiy,RU,2022-03-14 04:29:16,69.3833,178.4167,-4.95,94,74,7.09
186,Severo-Kurilsk,RU,2022-03-14 04:32:39,50.6789,156.125,30.29,77,92,7.18
187,Mana,GF,2022-03-14 04:32:40,5.6592,-53.7767,75.06,95,100,9.75
188,Trat,TH,2022-03-14 04:32:40,12.5,102.5,91.81,50,96,3.76
189,Corozal,CO,2022-03-14 04:32:41,9.3151,-75.2928,77.77,84,94,3.6
190,Kollam,IN,2022-03-14 04:32:41,8.8833,76.6,86.79,51,54,3.36
191,Cidreira,BR,2022-03-14 04:32:42,-30.1811,-50.2056,70.14,87,100,9.01
192,Heihe,CN,2022-03-14 04:32:07,50.2441,127.4902,28.98,85,100,4.59
193,Veinticinco De Mayo,AR,2022-03-14 04:32:43,-35.4323,-60.1727,62.98,77,0,1.99
194,North Bend,US,2022-03-14 04:32:43,43.4065,-124.2243,49.91,86,100,8.05
195,Tikaitnagar,IN,2022-03-14 04:32:44,26.95,81.5833,86.14,25,0,4.18
196,Dudinka,RU,2022-03-14 04:32:44,69.4058,86.1778,-2.38,95,100,11.21
197,Sabang,ID,2022-03-14 04:32:45,5.8933,95.3214,81.18,78,93,15.97
198,Antofagasta,CL,2022-03-14 04:31:58,-23.65,-70.4,61.88,82,47,5.06
199,Hithadhoo,MV,2022-03-14 04:32:46,-0.6,73.0833,83.21,70,96,4.27
200,Nanortalik,GL,2022-03-14 04:32:47,60.1432,-45.2371,27.95,92,100,12.12
201,Poum,NC,2022-03-14 04:32:47,-20.2333,164.0167,81.82,77,55,7.83
202,Srednekolymsk,RU,2022-03-14 04:32:48,67.45,153.6833,-2.97,90,100,6.67
203,Acapulco,MX,2022-03-14 04:32:27,16.8634,-99.8901,75.02,73,20,4.61
204,Wajid,SO,2022-03-14 04:32:48,3.8093,43.2471,78.44,56,47,21.92
205,Barentu,ER,2022-03-14 04:32:49,15.1139,37.5928,70.59,61,37,5.26
206,Sturgis,US,2022-03-14 04:32:50,41.7992,-85.4192,37.65,87,0,5.75
207,Norwell,US,2022-03-14 04:32:50,42.1618,-70.7939,31.39,59,0,6.91
208,Aklavik,CA,2022-03-14 04:32:51,68.2191,-135.0107,-6.14,88,100,5.3
209,Voh,NC,2022-03-14 04:32:51,-20.9667,164.7,83.86,74,93,1.72
210,Vila Franca Do Campo,PT,2022-03-14 04:32:52,37.7167,-25.4333,56.19,64,86,14.18
211,Datong,CN,2022-03-14 04:30:42,40.0936,113.2914,55.22,20,0,16.2
212,Killybegs,IE,2022-03-14 04:32:53,54.6333,-8.45,46.58,92,100,21.32
213,Fort Nelson,CA,2022-03-14 04:30:25,58.8053,-122.7002,-4.41,77,75,2.3
214,Yulara,AU,2022-03-14 04:32:53,-25.2406,130.9889,100.24,10,41,9.22
215,Qasigiannguit,GL,2022-03-14 04:32:54,68.8193,-51.1922,5.25,98,100,2.33
216,Egvekinot,RU,2022-03-14 04:32:54,66.3167,-179.1667,2.17,67,1,9.15
217,Torbay,CA,2022-03-14 04:30:28,47.6666,-52.7314,25.57,59,40,37.98
218,Norman Wells,CA,2022-03-14 04:32:55,65.282,-126.8329,-20.16,63,20,4.61
219,Wanaka,NZ,2022-03-14 04:32:56,-44.7,169.15,68.4,57,49,5.41
220,Martaban,MM,2022-03-14 04:32:56,16.5314,97.6111,93.4,44,57,7.43
221,Palaikastron,GR,2022-03-14 04:32:57,35.2,26.25,48.4,54,68,21.36
222,Havelock,US,2022-03-14 04:33:58,34.8791,-76.9013,47.97,73,0,1.01
223,Taoudenni,ML,2022-03-14 04:33:59,22.6783,-3.9836,68.86,11,0,2.73
224,Peniche,PT,2022-03-14 04:33:59,39.3558,-9.3811,49.44,89,60,11.79
225,Beni,CD,2022-03-14 04:34:00,0.5,29.4667,63.18,94,59,2.21
226,Contamana,PE,2022-03-14 04:34:00,-7.3333,-75.0167,70.75,100,90,2.13
227,Salina,US,2022-03-14 04:30:01,38.8403,-97.6114,55.02,29,0,17.27
228,Koygorodok,RU,2022-03-14 04:34:01,60.445,50.9968,21.38,94,100,3.6
229,Dali,CN,2022-03-14 04:34:02,25.7,100.1833,73.98,18,93,2.73
230,Sept-Iles,CA,2022-03-14 04:34:02,50.2001,-66.3821,5.52,51,0,10.36
231,Samarai,PG,2022-03-14 04:34:03,-10.6167,150.6667,85.84,69,80,14.58
232,Bukachacha,RU,2022-03-14 04:34:03,52.9833,116.9167,21.87,58,100,7.34
233,Dicabisagan,PH,2022-03-14 04:34:04,17.0818,122.4157,81.73,79,49,4.7
234,Sena Madureira,BR,2022-03-14 04:34:04,-9.0656,-68.6569,70.34,97,100,1.74
235,Namibe,AO,2022-03-14 04:34:05,-15.1961,12.1522,69.75,82,97,7.36
236,Havoysund,NO,2022-03-14 04:34:05,70.9963,24.6622,35.83,75,99,12.57
237,Northam,GB,2022-03-14 04:34:06,51.0333,-4.2167,40.6,94,73,4.56
238,Tonota,BW,2022-03-14 04:34:06,-21.4833,27.4833,70.09,62,50,9.17
239,Narsaq,GL,2022-03-14 04:34:07,60.9167,-46.05,34.02,94,100,5.39
240,Toora-Khem,RU,2022-03-14 04:34:07,52.4675,96.11,17.44,84,100,4.41
241,Saldanha,ZA,2022-03-14 04:34:08,-33.0117,17.9442,50.05,67,76,15.03
242,Rundu,NA,2022-03-14 04:34:08,-17.9333,19.7667,65.21,97,100,2.95
243,Cardston,CA,2022-03-14 04:34:09,49.2,-113.3019,39.29,56,57,9.22
244,Ixtapa,MX,2022-03-14 04:34:10,20.7,-105.2,70.23,86,1,2.21
245,Atar,MR,2022-03-14 04:34:10,20.5169,-13.0499,65.97,28,4,8.97
246,Salinopolis,BR,2022-03-14 04:34:11,-0.6136,-47.3561,77.32,89,100,2.73
247,Ponoka,CA,2022-03-14 04:34:11,52.6768,-113.5815,18.88,95,100,8.59
248,Syracuse,IT,2022-03-14 04:30:56,37.0881,15.2792,47.79,79,72,5.59
249,Kruisfontein,ZA,2022-03-14 04:34:12,-34.0033,24.7314,57.88,71,100,18.39
250,Teknaf,BD,2022-03-14 04:34:12,20.8624,92.3058,87.73,34,54,10.07
251,Karpathos,GR,2022-03-14 04:34:13,35.507,27.2132,46.36,53,27,11.5
252,Faanui,PF,2022-03-14 04:34:14,-16.4833,-151.75,82.08,73,84,12.66
253,Huntsville,US,2022-03-14 04:30:05,34.7304,-86.5861,43.34,61,0,5.75
254,Katsuura,JP,2022-03-14 04:34:14,35.1333,140.3,67.46,67,9,16.02
255,Bredasdorp,ZA,2022-03-14 04:34:15,-34.5322,20.0403,54.72,67,48,8.05
256,Shrewsbury,GB,2022-03-14 04:30:36,52.7101,-2.7521,42.67,90,20,1.14
257,Vestmannaeyjar,IS,2022-03-14 04:31:38,63.4427,-20.2734,41.34,59,99,29.8
258,Pombia,IT,2022-03-14 04:34:16,45.653,8.6336,43.25,73,75,4.61
259,Assens,DK,2022-03-14 04:34:16,55.2702,9.9008,39.09,79,1,13.38
260,Airai,TL,2022-03-14 04:34:17,-8.9266,125.4092,73.63,68,64,1.48
261,Guarapari,BR,2022-03-14 04:33:15,-20.6667,-40.4975,75.88,90,0,6.69
262,Sabha,LY,2022-03-14 04:34:18,27.0377,14.4283,52.0,28,0,11.45
263,Hargeysa,SO,2022-03-14 04:34:18,9.56,44.065,64.2,72,54,13.2
264,Cabo San Lucas,MX,2022-03-14 04:30:57,22.8909,-109.9124,68.5,64,97,7.78
265,Upernavik,GL,2022-03-14 04:34:19,72.7868,-56.1549,-6.97,95,99,10.71
266,Sompeta,IN,2022-03-14 04:34:19,18.9333,84.6,88.99,30,18,6.98
267,Japura,ID,2022-03-14 04:34:20,-0.3167,102.35,86.09,73,96,1.83
268,Shahr-E Babak,IR,2022-03-14 04:35:21,30.1165,55.1186,62.38,29,48,9.62
269,Nhulunbuy,AU,2022-03-14 04:35:21,-12.2333,136.7667,81.21,89,75,10.36
270,Cabedelo,BR,2022-03-14 04:35:22,-6.9811,-34.8339,77.67,79,95,7.94
271,Mizdah,LY,2022-03-14 04:35:23,31.4451,12.9801,52.2,41,36,5.21
272,Coquimbo,CL,2022-03-14 04:31:41,-29.9533,-71.3436,60.53,94,100,3.44
273,Ampanihy,MG,2022-03-14 04:35:24,-24.7,44.75,79.16,53,72,6.22
274,Bambous Virieux,MU,2022-03-14 04:35:24,-20.3428,57.7575,83.21,83,75,11.5
275,Tinskoy,RU,2022-03-14 04:35:25,56.1525,96.9161,8.96,74,84,6.22
276,Rocha,UY,2022-03-14 04:35:25,-34.4833,-54.3333,55.35,93,2,4.68
277,Odessa,UA,2022-03-14 04:35:26,46.4775,30.7326,32.77,68,10,3.2
278,Turukhansk,RU,2022-03-14 04:35:26,65.8167,87.9833,-0.54,92,100,5.95
279,Goundam,ML,2022-03-14 04:35:27,16.4145,-3.6708,73.56,11,43,7.36
280,Arman,RU,2022-03-14 04:35:27,59.7,150.1667,25.02,65,100,1.66
281,Bosaso,SO,2022-03-14 04:35:28,11.2842,49.1816,76.98,78,0,8.05
282,Taltal,CL,2022-03-14 04:30:30,-25.4,-70.4833,65.39,84,13,0.96
283,Trelew,AR,2022-03-14 04:35:28,-43.249,-65.3051,61.03,42,37,3.89
284,Mafeteng,LS,2022-03-14 04:35:29,-29.823,27.2374,55.38,89,83,8.25
285,Akyab,MM,2022-03-14 04:35:29,20.15,92.9,86.22,39,7,4.23
286,Nome,US,2022-03-14 04:35:30,64.5011,-165.4064,26.67,28,0,19.57
287,Muroto,JP,2022-03-14 04:35:31,33.2833,134.15,63.07,82,14,6.06
288,Samana,DO,2022-03-14 04:35:31,19.2056,-69.3369,74.3,84,32,9.46
289,Pedernales,DO,2022-03-14 04:35:32,18.0384,-71.744,78.12,77,84,0.92
290,Skibbereen,IE,2022-03-14 04:35:32,51.55,-9.2667,42.12,82,2,9.26
291,Zhezkazgan,KZ,2022-03-14 04:35:32,47.8043,67.7144,22.98,86,100,11.18
292,Port Hardy,CA,2022-03-14 04:35:33,50.6996,-127.4199,44.6,100,100,2.3
293,Ngunguru,NZ,2022-03-14 04:35:33,-35.6167,174.5,68.47,73,26,7.85
294,Camden,US,2022-03-14 04:35:34,39.7835,-74.9663,36.39,64,38,1.99
295,Lom Sak,TH,2022-03-14 04:35:34,16.7798,101.2422,104.09,37,21,2.3
296,Kanniyakumari,IN,2022-03-14 04:35:35,8.0833,77.5667,86.79,50,97,14.23
297,Sirajganj,BD,2022-03-14 04:35:35,24.45,89.7167,80.11,44,25,8.86
298,Merrill,US,2022-03-14 04:35:36,45.1805,-89.6835,33.57,81,40,0.0
299,Naze,JP,2022-03-14 04:35:37,28.3667,129.4833,72.52,77,18,3.22
300,Takoradi,GH,2022-03-14 04:35:37,4.8845,-1.7554,75.24,86,100,5.88
301,Vandavasi,IN,2022-03-14 04:35:38,12.5,79.6167,88.86,37,58,7.94
302,Dargaville,NZ,2022-03-14 04:35:38,-35.9333,173.8833,72.37,55,6,8.75
303,Rio Verde De Mato Grosso,BR,2022-03-14 04:34:20,-18.9181,-54.8442,72.1,92,82,2.75
304,Adrar,MR,2022-03-14 04:35:39,20.5022,-10.0711,63.0,28,0,9.64
305,Hirara,JP,2022-03-14 04:35:39,24.8,125.2833,76.86,73,40,8.05
306,Asfi,MA,2022-03-14 04:35:40,32.2994,-9.2372,57.97,69,81,12.82
307,Wexford,IE,2022-03-14 04:35:41,52.3342,-6.4575,40.21,85,1,7.83
308,Lasa,IT,2022-03-14 04:35:41,46.6166,10.7002,29.35,86,43,2.64
309,Arequipa,PE,2022-03-14 04:35:42,-16.3989,-71.535,56.59,85,97,2.68
310,Samoded,RU,2022-03-14 04:35:43,63.6083,40.5111,13.84,98,87,4.94
311,Pacifica,US,2022-03-14 04:31:09,37.6138,-122.4869,54.01,75,75,14.97
312,Pochutla,MX,2022-03-14 04:35:44,15.7432,-96.4661,75.81,69,1,3.67
313,Genhe,CN,2022-03-14 04:35:44,50.7833,121.5167,26.87,61,100,6.76
314,Ola,RU,2022-03-14 04:35:45,59.5833,151.2833,25.14,70,100,1.63
315,Sambava,MG,2022-03-14 04:36:45,-14.2667,50.1667,77.49,78,95,7.47
316,Hami,CN,2022-03-14 04:36:46,42.8,93.45,59.97,25,100,2.75
317,Labuhan,ID,2022-03-14 04:36:47,-6.8844,112.2051,84.88,73,96,2.89
318,Ewa Beach,US,2022-03-14 04:36:47,21.3156,-158.0072,80.55,62,0,12.66
319,Caravelas,BR,2022-03-14 04:36:48,-17.7125,-39.2481,76.44,86,100,4.27
320,Port Hawkesbury,CA,2022-03-14 04:36:48,45.6169,-61.3485,24.39,67,20,19.57
321,Caceres,ES,2022-03-14 04:36:48,39.522,-6.3748,47.35,67,100,8.32
322,Kedrovyy,RU,2022-03-14 04:36:49,56.1667,91.8167,3.87,75,64,8.19
323,Darhan,MN,2022-03-14 04:36:49,49.4867,105.9228,18.3,78,100,12.86
324,Birao,CF,2022-03-14 04:36:46,10.2849,22.7882,73.17,18,52,8.81
325,Burgeo,CA,2022-03-14 04:36:50,47.6167,-57.6152,21.29,79,68,30.6
326,Gorontalo,ID,2022-03-14 04:36:51,0.5412,123.0595,86.47,74,54,2.08
327,Saint-Pierre,RE,2022-03-14 04:36:51,-21.3393,55.4781,80.91,93,75,19.57
328,Bonavista,CA,2022-03-14 04:36:52,48.6499,-53.1147,24.1,60,100,29.04
329,Rapid Valley,US,2022-03-14 04:36:43,44.0625,-103.1463,38.62,67,0,18.41
330,Lata,PT,2022-03-14 04:36:52,40.1629,-8.3327,46.08,82,100,5.66
331,Salmas,IR,2022-03-14 04:36:53,38.1973,44.7653,32.9,35,59,0.38
332,Livramento,BR,2022-03-14 04:36:53,-3.0254,-60.1803,75.87,94,75,4.61
333,San Jeronimo,PE,2022-03-14 04:35:34,-11.9472,-75.2829,46.81,90,98,0.83
334,Blackwater,AU,2022-03-14 04:36:54,-23.5833,148.8833,88.43,32,69,13.76
335,Troyes,FR,2022-03-14 04:36:54,48.3333,4.0833,41.77,93,0,1.14
336,Sur,OM,2022-03-14 04:36:55,22.5667,59.5289,85.48,38,18,5.99
337,Gold Coast,AU,2022-03-14 04:32:39,-28.0,153.4333,82.17,81,100,12.66
338,Majene,ID,2022-03-14 04:36:56,-3.5403,118.9707,85.32,68,17,6.91
339,Matara,LK,2022-03-14 04:36:56,5.9485,80.5353,85.51,63,83,2.68
340,Tasiilaq,GL,2022-03-14 04:36:57,65.6145,-37.6368,28.53,95,100,35.66
341,Sarab,IR,2022-03-14 04:36:57,38.6066,44.9883,35.24,26,44,1.1
342,Brae,GB,2022-03-14 04:36:58,60.3964,-1.353,45.93,90,100,21.56
343,Klaksvik,FO,2022-03-14 04:36:58,62.2266,-6.589,43.72,92,42,14.7
344,Avera,US,2022-03-14 04:36:59,33.194,-82.5271,35.91,40,3,5.17
345,Saint-Georges,GD,2022-03-14 04:36:59,12.0564,-61.7485,78.48,73,40,12.66
346,Fairbanks,US,2022-03-14 04:32:14,64.8378,-147.7164,3.2,55,0,3.44
347,Wageningen,NL,2022-03-14 04:37:00,51.9667,5.6667,50.38,82,75,6.91
348,Tilichiki,RU,2022-03-14 04:37:01,60.4667,166.1,11.98,79,0,6.2
349,Hofn,IS,2022-03-14 04:37:01,64.2539,-15.2082,34.0,48,21,6.44
350,Bitlis,TR,2022-03-14 04:37:02,38.5,42.25,19.18,95,100,1.48
351,San Lawrenz,MT,2022-03-14 04:37:02,36.0553,14.204,51.21,91,17,13.73
352,San Lorenzo,PY,2022-03-14 04:36:24,-25.3333,-57.5333,67.59,72,0,5.01
353,Suntar,RU,2022-03-14 04:37:03,62.1444,117.6319,6.1,79,100,6.44
354,Salamanca,ES,2022-03-14 04:37:03,40.8333,-6.0,40.78,79,100,6.58
355,Kenai,US,2022-03-14 04:37:04,60.5544,-151.2583,31.03,59,100,18.41
356,Coari,BR,2022-03-14 04:37:04,-4.085,-63.1414,71.87,99,100,3.4
357,Baijiantan,CN,2022-03-14 04:37:05,45.6333,85.1833,51.33,52,99,11.01
358,Portree,GB,2022-03-14 04:37:05,57.4129,-6.1942,43.52,90,76,12.77
359,Vanimo,PG,2022-03-14 04:37:06,-2.6741,141.3028,86.22,66,64,9.71
360,Ahuimanu,US,2022-03-14 04:37:06,21.4447,-157.8378,80.31,71,75,12.66
361,Kharitonovo,RU,2022-03-14 04:37:07,61.4009,47.4978,17.91,93,99,7.14
362,Madras,IN,2022-03-14 04:33:59,13.0878,80.2785,87.96,60,20,5.01
363,Laguna,US,2022-03-14 04:38:08,38.421,-121.4238,57.4,56,0,3.44
364,Wum,CM,2022-03-14 04:38:08,6.3833,10.0667,67.96,35,78,2.68
365,Xuddur,SO,2022-03-14 04:38:09,4.1213,43.8894,74.48,65,35,21.45
366,Atherton,GB,2022-03-14 04:38:10,53.5237,-2.4935,41.74,89,4,3.6
367,Santa Cruz Del Sur,CU,2022-03-14 04:38:10,20.7147,-77.9956,74.89,87,3,14.29
368,San Pedro,PH,2022-03-14 04:35:44,14.35,121.0167,92.32,60,76,6.02
369,Kuna,US,2022-03-14 04:38:11,43.4918,-116.4201,47.01,57,100,5.75
370,Yumen,CN,2022-03-14 04:38:11,40.2833,97.2,58.33,22,100,9.01
371,Bitung,ID,2022-03-14 04:38:12,1.4451,125.1824,88.65,72,24,5.3
372,Port-Gentil,GA,2022-03-14 04:38:12,-0.7193,8.7815,81.59,76,98,4.92
373,San Rafael,AR,2022-03-14 04:38:13,-34.6177,-68.3301,67.87,45,0,6.08
374,Ahipara,NZ,2022-03-14 04:38:13,-35.1667,173.1667,71.83,62,21,4.83
375,Gilgit,PK,2022-03-14 04:35:31,35.9221,74.3087,54.12,53,91,1.43
376,Komsomolskiy,UZ,2022-03-14 04:38:14,40.4272,71.7189,52.52,87,75,2.3
377,Luwero,UG,2022-03-14 04:38:15,0.8492,32.4731,69.49,69,95,2.1
378,Tecoanapa,MX,2022-03-14 04:38:15,16.5167,-98.75,75.24,76,0,2.66
379,Samagaltay,RU,2022-03-14 04:38:16,50.6022,95.0047,21.76,87,100,2.33
380,Skjervoy,NO,2022-03-14 04:38:16,70.0311,20.9714,38.26,64,90,11.1
381,Waddan,LY,2022-03-14 04:38:17,29.1614,16.139,52.7,46,0,8.99
382,Monte Santo,BR,2022-03-14 04:38:17,-10.4378,-39.3328,67.87,90,9,2.84
383,Florence,IT,2022-03-14 04:37:54,43.7667,11.25,51.1,75,40,1.14
384,Ouargaye,BF,2022-03-14 04:38:18,11.5033,0.0572,87.39,23,98,13.02
385,Saint Anthony,US,2022-03-14 04:38:18,45.0205,-93.218,36.55,70,100,3.44
386,Itaueira,BR,2022-03-14 04:38:19,-7.6033,-43.0256,73.87,83,55,1.86
387,Raga,SS,2022-03-14 04:38:19,8.4596,25.678,71.73,23,87,3.09
388,Aberdeen,GB,2022-03-14 04:38:20,57.1437,-2.0981,41.65,95,78,1.14
389,Raton,US,2022-03-14 04:38:20,36.9034,-104.4391,48.54,30,0,10.36
390,Ako,JP,2022-03-14 04:38:21,34.75,134.4,69.04,64,60,1.01
391,Pishin,PK,2022-03-14 04:38:21,30.5803,66.9961,72.9,28,6,5.41
392,Karia,NG,2022-03-14 04:38:22,11.7306,11.1629,68.77,19,77,8.99
393,Razdolnoye,RU,2022-03-14 04:38:22,43.55,131.9167,37.81,78,95,7.4
394,Dunedin,NZ,2022-03-14 04:37:51,-45.8742,170.5036,64.8,64,44,7.0
395,Sungaipenuh,ID,2022-03-14 04:38:23,-2.0833,101.3833,76.23,71,100,3.49
396,The Valley,AI,2022-03-14 04:38:24,18.217,-63.0578,76.86,77,3,24.47
397,Portland,US,2022-03-14 04:38:09,45.5234,-122.6762,49.62,87,100,7.0
398,Pevek,RU,2022-03-14 04:38:24,69.7008,170.3133,-11.87,96,97,3.11
399,Walvis Bay,NA,2022-03-14 04:38:25,-22.9575,14.5053,61.09,94,29,3.44
400,Leeuwarden,NL,2022-03-14 04:38:25,53.2014,5.8086,50.0,80,100,5.75
401,Kurchum,KZ,2022-03-14 04:38:26,48.5722,83.6542,27.84,78,81,2.82
402,Mount Isa,AU,2022-03-14 04:38:26,-20.7333,139.5,94.77,34,75,8.05
403,Aguimes,ES,2022-03-14 04:38:27,27.9054,-15.4461,59.63,72,20,13.8
404,Gat,IL,2022-03-14 04:38:28,31.61,34.7642,48.07,100,65,5.99
405,Maniitsoq,GL,2022-03-14 04:38:28,65.4167,-52.9,4.26,92,100,27.22
406,Midland,US,2022-03-14 04:35:28,31.9974,-102.0779,53.85,29,0,18.41
407,Luchegorsk,RU,2022-03-14 04:38:29,46.4764,134.2569,31.06,85,97,3.98
408,Opuwo,NA,2022-03-14 04:38:29,-18.0607,13.84,62.1,89,99,4.7
409,Soyo,AO,2022-03-14 04:38:30,-6.1349,12.3689,78.76,82,98,5.61
410,Henties Bay,NA,2022-03-14 04:39:30,-22.116,14.2845,62.8,85,99,8.03
411,Pahrump,US,2022-03-14 04:35:57,36.2083,-115.9839,56.5,17,29,3.0
412,College,US,2022-03-14 04:39:31,64.8569,-147.8028,3.18,55,0,3.44
413,Souillac,MU,2022-03-14 04:39:31,-20.5167,57.5167,80.98,83,75,11.5
414,San Quintin,MX,2022-03-14 04:38:30,30.4833,-115.95,56.91,86,0,13.24
415,Krasnooktyabrskiy,RU,2022-03-14 04:39:32,44.9328,38.3712,29.08,81,38,3.74
416,Yarmouth,US,2022-03-14 04:39:33,41.7057,-70.2286,33.94,68,40,21.99
417,Plover,US,2022-03-14 04:35:11,44.4564,-89.544,31.08,81,100,0.0
418,Loudeac,FR,2022-03-14 04:39:33,48.1783,-2.7543,43.66,95,100,5.84
419,Punta Cardon,VE,2022-03-14 04:39:34,11.6581,-70.215,77.25,81,81,20.18
420,Lake Elsinore,US,2022-03-14 04:36:48,33.6681,-117.3273,57.87,72,1,4.0
421,Beringovskiy,RU,2022-03-14 04:39:35,63.05,179.3167,0.77,88,2,5.73
422,Santa Cruz De La Palma,ES,2022-03-14 04:39:35,28.6835,-17.7642,62.13,72,0,2.3
423,Kimbe,PG,2022-03-14 04:39:36,-5.5502,150.1429,85.6,71,76,5.03
424,Margate,GB,2022-03-14 04:39:36,51.3813,1.3862,46.31,92,53,1.01
425,Liverpool,GB,2022-03-14 04:37:44,53.4106,-2.9779,42.51,88,6,4.61
426,Donskoye,RU,2022-03-14 04:39:37,45.4552,41.9741,26.73,63,26,2.37
427,Nizhniy Kuranakh,RU,2022-03-14 04:39:37,58.8353,125.4869,14.16,71,100,3.4
428,Magadan,RU,2022-03-14 04:39:38,59.5667,150.8,24.53,69,100,0.31
429,Kodino,RU,2022-03-14 04:39:38,63.7198,39.6447,15.51,97,79,3.69
430,Longonjo,AO,2022-03-14 04:39:39,-12.9067,15.2533,62.58,98,100,1.92
431,Impfondo,CG,2022-03-14 04:39:39,1.6381,18.0667,69.06,93,69,1.72
432,Ossora,RU,2022-03-14 04:39:40,59.2353,163.0719,16.56,86,4,1.52
433,Leh,IN,2022-03-14 04:39:40,34.1667,77.5833,22.14,54,20,2.44
434,Arkansas City,US,2022-03-14 04:39:41,37.062,-97.0384,55.02,26,0,20.71
435,Ngatea,NZ,2022-03-14 04:39:41,-37.2833,175.5,83.34,46,8,5.19
436,Kavaratti,IN,2022-03-14 04:39:42,10.5669,72.642,83.23,70,19,4.5
437,Zhangye,CN,2022-03-14 04:39:10,38.9342,100.4517,68.85,14,33,8.72
438,Banda Aceh,ID,2022-03-14 04:39:43,5.5577,95.3222,84.76,70,91,12.3
439,Martapura,ID,2022-03-14 04:39:43,-3.4167,114.85,86.09,70,40,5.75
440,Tamandare,BR,2022-03-14 04:39:44,-8.7597,-35.1047,78.3,83,77,4.65
441,Ati,TD,2022-03-14 04:39:44,13.2154,18.3353,71.22,17,71,9.66
442,Algeciras,ES,2022-03-14 04:39:45,36.1333,-5.4505,53.28,87,75,6.91
443,Yelizovo,RU,2022-03-14 04:39:45,53.1873,158.3805,32.14,69,40,8.99
444,Boma,GH,2022-03-14 04:39:46,7.0805,-2.1697,72.45,93,100,1.41
445,Kijang,KR,2022-03-14 04:39:46,35.2442,129.2139,55.13,82,100,3.8
446,Oranjestad,AW,2022-03-14 04:35:53,12.524,-70.027,78.75,73,20,16.11
447,Manhattan,US,2022-03-14 04:37:54,40.7834,-73.9662,33.66,58,100,8.05
448,Kirkenaer,NO,2022-03-14 04:39:47,60.4564,12.0582,21.74,97,98,1.28
449,Eyl,SO,2022-03-14 04:39:48,7.9803,49.8164,80.04,60,68,16.44
450,Camacha,PT,2022-03-14 04:39:48,33.0833,-16.3333,49.42,66,40,31.07
451,Timra,SE,2022-03-14 04:39:49,62.487,17.3257,31.68,86,74,0.0
452,Vila Velha,BR,2022-03-14 04:39:49,-20.3297,-40.2925,75.94,93,20,3.44
453,Ozinki,RU,2022-03-14 04:39:50,51.1786,49.6769,8.49,97,92,7.7
454,Pocone,BR,2022-03-14 04:39:50,-16.2567,-56.6228,72.18,96,96,3.29
455,Chemin Grenier,MU,2022-03-14 04:40:51,-20.4872,57.4656,80.19,80,100,13.76
456,Chicama,PE,2022-03-14 04:40:51,-7.8447,-79.1469,68.54,71,98,3.56
457,Sanok,PL,2022-03-14 04:40:52,49.5557,22.2056,32.27,90,5,4.34
458,Luba,GQ,2022-03-14 04:40:52,3.4568,8.5547,76.89,79,85,3.15
459,Fort Morgan,US,2022-03-14 04:40:15,40.2503,-103.8,48.85,37,100,12.66
460,Fortuna Foothills,US,2022-03-14 04:40:53,32.6578,-114.4119,69.89,18,0,8.05
461,Kathmandu,NP,2022-03-14 04:36:12,27.7167,85.3167,71.82,49,20,2.3
462,Santa Isabel Do Rio Negro,BR,2022-03-14 04:40:14,-0.4139,-65.0192,71.38,100,100,1.25
463,Man,CI,2022-03-14 04:40:54,7.4125,-7.5538,71.37,97,100,2.82
464,Muli,MV,2022-03-14 04:40:55,2.9167,73.5667,83.55,66,98,6.96
465,Dukat,RU,2022-03-14 04:40:55,62.55,155.55,5.65,90,76,2.19
466,Ternate,ID,2022-03-14 04:40:56,0.8,127.4,85.06,70,26,4.14
467,Makakilo City,US,2022-03-14 04:40:56,21.3469,-158.0858,79.12,62,0,12.66
468,Gladstone,AU,2022-03-14 04:40:57,-23.85,151.25,84.13,48,40,16.11
469,Hammerfest,NO,2022-03-14 04:37:19,70.6634,23.6821,39.65,65,0,5.75
470,Tetelzingo,MX,2022-03-14 04:40:58,19.0667,-97.15,47.86,76,18,4.5
471,Los Llanos De Aridane,ES,2022-03-14 04:40:58,28.6585,-17.9182,59.13,72,0,7.0
472,Gikongoro,RW,2022-03-14 04:40:59,-2.464,29.5739,58.08,89,87,2.51
473,Alice Springs,AU,2022-03-14 04:40:59,-23.7,133.8833,98.15,10,6,9.22
474,Karwar,IN,2022-03-14 04:41:00,14.8,74.1333,89.58,38,2,6.55
475,Kokoda,PG,2022-03-14 04:41:00,-8.8785,147.7407,82.72,83,95,4.83
476,Stornoway,GB,2022-03-14 04:41:01,58.2093,-6.3865,46.36,84,75,18.41
477,Sorland,NO,2022-03-14 04:41:01,67.667,12.6934,40.33,77,100,11.88
478,Molo,KE,2022-03-14 04:41:02,-0.2479,35.7374,58.96,55,99,2.91
479,Manzhouli,CN,2022-03-14 04:41:02,49.6,117.4333,29.3,61,96,8.52
480,Morehead,US,2022-03-14 04:41:03,37.2711,-87.1764,40.75,70,0,4.61
481,Broome,US,2022-03-14 04:41:04,42.2506,-75.833,28.2,75,100,8.05
482,Wanxian,CN,2022-03-14 04:41:04,30.8039,108.3897,86.61,41,100,6.82
483,Sainte-Rose,GP,2022-03-14 04:41:05,16.3324,-61.6979,75.24,83,20,5.75
484,Guerrero Negro,MX,2022-03-14 04:41:05,27.9769,-114.0611,58.82,79,2,16.15
485,Santa Cruz,BO,2022-03-14 04:36:52,-17.8,-63.1667,74.66,73,100,9.22
486,Ayagoz,KZ,2022-03-14 04:41:06,47.9714,80.4392,31.55,97,100,13.49
487,Joshimath,IN,2022-03-14 04:41:06,30.5667,79.5667,72.54,31,0,0.65
488,Parangan,PH,2022-03-14 04:41:07,5.0839,119.9383,83.44,73,98,2.48
489,Jimeta,NG,2022-03-14 04:41:07,9.2833,12.4667,76.23,21,87,1.43
490,Alegrete,BR,2022-03-14 04:37:52,-29.7831,-55.7919,58.75,87,4,7.0
491,Ylivieska,FI,2022-03-14 04:41:08,64.0833,24.55,23.88,92,53,4.16
492,Tall Kayf,TR,2022-03-14 04:41:09,37.0833,41.0667,38.59,87,75,3.44
493,Sola,VU,2022-03-14 04:41:09,-13.8833,167.55,82.69,72,67,7.56
494,Eutin,DE,2022-03-14 04:41:10,54.1333,10.6167,39.11,54,0,8.23
495,Mayumba,GA,2022-03-14 04:41:10,-3.432,10.6554,78.13,86,80,5.79
496,Port Hedland,AU,2022-03-14 04:41:11,-20.3167,118.5667,98.65,39,0,16.11
497,Lorengau,PG,2022-03-14 04:41:11,-2.0226,147.2712,86.32,66,46,10.09
498,Champerico,GT,2022-03-14 04:41:12,14.3,-91.9167,79.43,73,6,6.49
499,Andenes,NO,2022-03-14 04:41:12,69.3143,16.1194,33.78,86,0,13.8
500,High Rock,BS,2022-03-14 04:41:13,26.6208,-78.2833,66.22,70,91,19.86
501,Fuzhou,CN,2022-03-14 04:41:13,26.0614,119.3061,75.09,46,61,3.47
502,Mporokoso,ZM,2022-03-14 04:42:14,-9.3727,30.125,60.82,93,100,0.83
503,Pacific Grove,US,2022-03-14 04:42:14,36.6177,-121.9166,55.42,87,0,3.44
504,Kursk,RU,2022-03-14 04:42:15,51.7303,36.1939,26.8,68,0,13.42
505,Babayurt,RU,2022-03-14 04:42:15,43.6002,46.7789,32.22,66,21,0.96
506,Balabac,PH,2022-03-14 04:42:16,7.9868,117.0645,85.55,67,75,6.08
507,Tiarei,PF,2022-03-14 04:42:16,-17.5333,-149.3333,82.42,75,53,8.97
508,Iracoubo,GF,2022-03-14 04:38:42,5.4802,-53.2011,75.2,96,100,10.92
509,Bayangol,RU,2022-03-14 04:42:17,50.6977,103.4656,14.94,72,100,3.96
510,Manga,BF,2022-03-14 04:42:17,11.6636,-1.0731,84.88,25,100,3.6
511,Humaita,BR,2022-03-14 04:42:18,-7.5061,-63.0208,73.24,100,100,3.06
512,Noumea,NC,2022-03-14 04:42:18,-22.2763,166.4572,84.0,99,99,8.19
513,Gummidipundi,IN,2022-03-14 04:42:19,13.4,80.15,87.98,47,30,6.85
514,Sumkino,RU,2022-03-14 04:42:19,58.1108,68.3244,9.79,87,100,9.55
515,Labuan,MY,2022-03-14 04:42:20,5.2767,115.2417,86.36,79,20,0.0
516,Arona,ES,2022-03-14 04:42:20,28.0996,-16.681,58.12,63,20,5.75
517,Yar-Sale,RU,2022-03-14 04:42:21,66.8333,70.8333,4.06,99,100,7.61
518,Nizhniy Odes,RU,2022-03-14 04:42:22,63.6445,54.856,15.55,93,89,6.33
519,Chernyshevskiy,RU,2022-03-14 04:42:22,63.0128,112.4714,1.94,84,99,2.3
520,Vaitape,PF,2022-03-14 04:42:23,-16.5167,-151.75,82.08,73,85,12.62
521,Ketchikan,US,2022-03-14 04:37:34,55.3422,-131.6461,39.67,87,100,11.5
522,Prince Rupert,CA,2022-03-14 04:39:59,54.3161,-130.3201,41.09,93,100,36.82
523,Cockburn Town,TC,2022-03-14 04:40:13,21.4612,-71.1419,77.67,78,0,17.81
524,Payakumbuh,ID,2022-03-14 04:42:24,-0.2202,100.6308,80.98,82,81,1.21
525,Tselinnoye,RU,2022-03-14 04:42:24,53.0833,85.6667,7.5,82,70,3.47
526,Atikokan,CA,2022-03-14 04:42:25,48.7555,-91.6216,0.0,99,99,3.38
527,Camocim,BR,2022-03-14 04:42:25,-2.9022,-40.8411,75.94,90,100,6.49
528,Meulaboh,ID,2022-03-14 04:42:26,4.1363,96.1285,85.82,67,45,3.11
529,Dongsheng,CN,2022-03-14 04:42:26,39.8161,109.9776,53.55,14,10,18.86
530,Kaitangata,NZ,2022-03-14 04:38:54,-46.2817,169.8464,59.14,80,49,6.38
531,Alamogordo,US,2022-03-14 04:42:27,32.8995,-105.9603,58.57,20,0,10.36
532,Cocorit,MX,2022-03-14 04:42:27,27.5833,-109.9667,58.05,32,14,1.19
533,Erzin,TR,2022-03-14 04:42:28,36.9559,36.2,35.33,73,3,2.53
534,Lucapa,AO,2022-03-14 04:42:28,-8.4192,20.7447,61.68,97,98,0.49
535,Hualmay,PE,2022-03-14 04:42:29,-11.0964,-77.6139,72.14,80,100,7.52
536,Voznesenye,RU,2022-03-14 04:42:29,61.0106,35.4781,7.54,100,92,3.04
537,Pontianak,ID,2022-03-14 04:42:30,-0.0333,109.3333,91.38,55,20,5.75
538,Talakan,RU,2022-03-14 04:42:30,50.3167,130.3667,28.38,70,99,4.03
539,Tenenkou,ML,2022-03-14 04:42:31,14.4572,-4.9169,77.49,11,100,10.2
540,Deputatskiy,RU,2022-03-14 04:42:31,69.3,139.9,-6.92,95,100,2.59
541,Yashan,CN,2022-03-14 04:42:32,22.1975,109.9419,84.34,47,8,6.42
542,Erenhot,CN,2022-03-14 04:42:32,43.6475,111.9767,45.64,29,93,15.23
543,Braco Do Norte,BR,2022-03-14 04:42:33,-28.275,-49.1656,70.56,99,100,0.94
544,Winnemucca,US,2022-03-14 04:42:33,40.973,-117.7357,33.85,55,0,0.0
545,Sunnyside,US,2022-03-14 04:38:49,46.3237,-120.0087,51.78,67,0,0.0
546,Rancho Palos Verdes,US,2022-03-14 04:40:48,33.7445,-118.387,63.09,80,17,3.0
547,Hailar,CN,2022-03-14 04:42:34,49.2,119.7,23.41,74,75,5.61
548,Hohhot,CN,2022-03-14 04:42:34,40.8106,111.6522,50.29,29,19,4.47
549,Mount Darwin,ZW,2022-03-14 04:42:35,-16.7725,31.5838,65.48,94,25,2.06
550,Astoria,US,2022-03-14 04:37:38,46.1879,-123.8313,48.09,90,100,12.66
551,Russell,US,2022-03-14 04:43:36,32.3502,-85.1999,43.83,86,0,3.44
552,Pyapon,MM,2022-03-14 04:43:36,16.2833,95.6833,98.92,24,35,4.63
553,Kaeo,NZ,2022-03-14 04:43:37,-35.1,173.7833,70.27,74,36,5.28
554,Zamboanguita,PH,2022-03-14 04:43:37,9.1025,123.1996,84.65,72,61,10.47
555,Nosy Varika,MG,2022-03-14 04:43:38,-20.5833,48.5333,75.42,90,92,7.31
556,Ambon,ID,2022-03-14 04:43:38,-3.6954,128.1814,80.74,89,40,4.61
557,Ust-Omchug,RU,2022-03-14 04:40:21,61.15,149.6333,8.51,82,100,3.11
558,Sangar,RU,2022-03-14 04:43:39,63.9242,127.4739,0.21,89,100,5.84
559,Phenix City,US,2022-03-14 04:43:39,32.471,-85.0008,44.69,69,0,3.44
560,Poli,TZ,2022-03-14 04:43:40,-3.3333,36.8,61.07,82,75,5.75
561,Abha,SA,2022-03-14 04:43:41,18.2164,42.5053,55.22,100,15,0.0
562,Nueve De Julio,AR,2022-03-14 04:43:42,-35.4444,-60.8831,58.89,58,41,8.3
563,Linhares,BR,2022-03-14 04:43:42,-19.3911,-40.0722,72.54,94,41,2.24
564,Liuzhou,CN,2022-03-14 04:43:43,24.3126,109.3892,76.1,67,100,3.87
565,Progreso,MX,2022-03-14 04:43:44,21.2833,-89.6667,71.11,71,60,11.45
566,Warmbad,NA,2022-03-14 04:43:44,-28.45,18.7333,55.6,66,1,11.88
567,Petropavlovsk-Kamchatskiy,RU,2022-03-14 04:43:45,53.0452,158.6483,30.79,69,40,8.95
568,Estelle,US,2022-03-14 04:43:45,29.8458,-90.1067,53.6,75,0,6.91
569,La Paz,BO,2022-03-14 04:43:46,-16.5,-68.15,46.38,100,75,6.91
570,Khotyn,UA,2022-03-14 04:43:46,48.4833,26.5,28.45,84,9,3.13
571,Thinadhoo,MV,2022-03-14 04:43:47,0.5333,72.9333,83.08,67,94,3.04
572,Tatarsk,RU,2022-03-14 04:43:47,55.219,75.9828,4.48,87,13,11.25
573,Niquelandia,BR,2022-03-14 04:43:48,-14.4739,-48.4597,69.53,92,48,1.88
574,Graaff-Reinet,ZA,2022-03-14 04:43:48,-32.2522,24.5308,54.91,95,100,8.46
575,Ridgecrest,US,2022-03-14 04:43:49,35.6225,-117.6709,62.46,31,0,9.22
576,Shebunino,RU,2022-03-14 04:43:49,46.4339,141.8603,33.42,76,77,5.44
577,Port Shepstone,ZA,2022-03-14 04:43:50,-30.7414,30.455,71.1,83,99,16.89
