City_ID,City,Lat,Lng,Max Temp,Humidity,Cloudiness,Wind Speed,Wind Direction,Weather,Country,Date
0,Rikitea,-23.1203,-134.9692,80.28,74,24,9.44,30,few clouds,PF,2022-03-19 05:49:23
1,Mar Del Plata,-38.0023,-57.5575,50.88,70,0,5.01,271,clear sky,AR,2022-03-19 05:49:24
2,Puerto Ayora,-0.7393,-90.3518,77.88,80,24,4.81,158,few clouds,EC,2022-03-19 05:46:26
3,Port Alfred,-33.5906,26.891,73.4,85,100,8.48,67,overcast clouds,ZA,2022-03-19 05:49:25
4,Kapaa,22.0752,-159.319,78.78,75,40,14.97,50,scattered clouds,US,2022-03-19 05:49:25
5,Westport,41.1415,-73.3579,53.85,96,100,5.01,161,fog,US,2022-03-19 05:49:25
6,Sitka,57.0531,-135.33,39.09,75,75,10.36,110,broken clouds,US,2022-03-19 05:49:26
7,Muyezerskiy,63.9333,31.65,29.35,87,43,9.17,247,scattered clouds,RU,2022-03-19 05:49:26
8,Sasni,27.7167,78.0833,97.47,15,3,6.02,213,clear sky,IN,2022-03-19 05:49:27
9,Rio Grande,-32.035,-52.0986,64.51,83,100,19.44,197,overcast clouds,BR,2022-03-19 05:49:27
10,Cap Malheureux,-19.9842,57.6142,86.47,79,51,4.0,27,broken clouds,MU,2022-03-19 05:49:27
11,Albany,42.6001,-73.9662,50.95,79,100,1.54,102,overcast clouds,US,2022-03-19 05:49:28
12,Varnamo,57.186,14.04,33.89,78,0,2.82,50,clear sky,SE,2022-03-19 05:49:28
13,Margate,51.3813,1.3862,47.3,75,0,5.01,92,clear sky,GB,2022-03-19 05:49:29
14,Punta Arenas,-53.15,-70.9167,39.31,75,0,4.61,290,clear sky,CL,2022-03-19 05:45:44
15,Torbay,47.6666,-52.7314,38.28,98,100,13.8,330,light intensity drizzle,CA,2022-03-19 05:45:20
16,Cape Town,-33.9258,18.4232,67.1,76,0,11.5,230,clear sky,ZA,2022-03-19 05:46:25
17,Hermanus,-34.4187,19.2345,69.8,85,12,10.36,89,few clouds,ZA,2022-03-19 05:49:30
18,Comodoro Rivadavia,-45.8667,-67.5,49.86,66,40,13.8,150,scattered clouds,AR,2022-03-19 05:49:30
19,Korla,41.7597,86.1469,55.11,37,100,13.98,52,overcast clouds,CN,2022-03-19 05:49:31
20,Jamestown,42.097,-79.2353,54.99,67,100,6.91,150,overcast clouds,US,2022-03-19 05:49:31
21,Dikson,73.5069,80.5464,16.54,90,68,18.63,299,broken clouds,RU,2022-03-19 05:49:32
22,Xining,36.6167,101.7667,56.73,34,95,10.22,111,overcast clouds,CN,2022-03-19 05:49:33
23,Pangnirtung,66.1451,-65.7125,-25.73,88,54,6.17,43,broken clouds,CA,2022-03-19 05:49:33
24,Vestmannaeyjar,63.4427,-20.2734,39.04,90,100,4.56,272,overcast clouds,IS,2022-03-19 05:49:33
25,Ust-Kuyga,70.0167,135.6,-6.97,96,59,6.93,197,broken clouds,RU,2022-03-19 05:49:34
26,Kodiak,57.79,-152.4072,33.31,86,100,20.71,300,mist,US,2022-03-19 05:49:35
27,Vaini,-21.2,-175.2,80.28,77,100,26.96,311,light rain,TO,2022-03-19 05:49:35
28,Sayat,38.7839,63.8803,39.07,34,2,15.77,8,clear sky,TM,2022-03-19 05:49:35
29,Grindavik,63.8424,-22.4338,32.47,100,100,11.5,50,light snow,IS,2022-03-19 05:49:36
30,Yellowknife,62.456,-114.3525,12.72,79,75,8.05,110,broken clouds,CA,2022-03-19 05:49:37
31,Bluff,-46.6,168.3333,66.79,77,24,14.56,123,few clouds,NZ,2022-03-19 05:49:37
32,Cherskiy,68.75,161.3,4.89,84,5,6.38,123,clear sky,RU,2022-03-19 05:49:38
33,Cooma,-36.2333,149.1333,71.37,49,45,6.91,170,scattered clouds,AU,2022-03-19 05:45:07
34,Atlantis,-33.5667,18.4834,65.17,48,1,5.53,127,clear sky,ZA,2022-03-19 05:49:38
35,Bambous Virieux,-20.3428,57.7575,86.22,71,36,3.31,15,light rain,MU,2022-03-19 05:49:39
36,Shenjiamen,29.9576,122.298,50.9,86,98,20.74,2,overcast clouds,CN,2022-03-19 05:49:39
37,Touros,-5.1989,-35.4608,77.43,83,62,6.58,147,broken clouds,BR,2022-03-19 05:49:40
38,Busselton,-33.65,115.3333,66.56,56,100,17.6,125,light rain,AU,2022-03-19 05:49:40
39,Kumluca,36.3703,30.2869,40.96,32,50,8.57,359,scattered clouds,TR,2022-03-19 05:49:41
40,Clyde River,70.4692,-68.5914,-28.97,68,0,0.0,0,clear sky,CA,2022-03-19 05:49:41
41,Srednekolymsk,67.45,153.6833,4.28,89,52,2.15,12,broken clouds,RU,2022-03-19 05:49:42
42,Hasaki,35.7333,140.8333,64.29,54,74,8.46,182,broken clouds,JP,2022-03-19 05:49:42
43,Balabac,7.9868,117.0645,85.93,68,73,10.69,109,broken clouds,PH,2022-03-19 05:49:43
44,Tazovskiy,67.4667,78.7,24.22,93,100,13.13,293,overcast clouds,RU,2022-03-19 05:49:43
45,Kollam,8.8833,76.6,84.76,69,48,10.25,284,scattered clouds,IN,2022-03-19 05:48:26
46,Upernavik,72.7868,-56.1549,-15.02,77,100,7.99,28,overcast clouds,GL,2022-03-19 05:49:44
47,Freeport,40.6576,-73.5832,51.49,86,100,9.22,150,mist,US,2022-03-19 05:49:40
48,Guerrero Negro,27.9769,-114.0611,59.79,85,0,10.36,323,clear sky,MX,2022-03-19 05:50:45
49,Tonantins,-2.8731,-67.8022,72.68,98,100,1.21,341,overcast clouds,BR,2022-03-19 05:50:45
50,Atbasar,51.8,68.3333,7.0,80,15,6.33,77,few clouds,KZ,2022-03-19 05:50:46
51,Ushuaia,-54.8,-68.3,35.26,60,0,8.05,270,clear sky,AR,2022-03-19 05:50:46
52,Thompson,55.7435,-97.8558,23.16,80,20,0.0,0,few clouds,CA,2022-03-19 05:50:47
53,Klaksvik,62.2266,-6.589,49.12,84,100,37.18,205,overcast clouds,FO,2022-03-19 05:50:47
54,Bethel,41.3712,-73.414,56.77,89,75,8.05,190,broken clouds,US,2022-03-19 05:50:48
55,Makakilo City,21.3469,-158.0858,75.56,65,100,14.97,60,overcast clouds,US,2022-03-19 05:50:48
56,Mataura,-46.1927,168.8643,66.47,56,86,5.1,120,overcast clouds,NZ,2022-03-19 05:50:49
57,Arraial Do Cabo,-22.9661,-42.0278,76.08,88,10,23.62,41,clear sky,BR,2022-03-19 05:50:49
58,Mayo,38.8876,-76.5119,61.48,92,0,13.8,160,clear sky,US,2022-03-19 05:50:50
59,Mount Isa,-20.7333,139.5,100.17,17,40,9.22,210,scattered clouds,AU,2022-03-19 05:50:50
60,Kirkwall,58.9848,-2.9587,44.65,81,81,12.66,180,broken clouds,GB,2022-03-19 05:50:51
61,Georgetown,5.4112,100.3354,91.33,70,20,9.22,230,few clouds,MY,2022-03-19 05:50:51
62,Alofi,-19.0595,-169.9187,82.29,78,96,4.61,10,overcast clouds,NU,2022-03-19 05:50:52
63,Namatanai,-3.6667,152.4333,84.94,65,90,11.45,67,overcast clouds,PG,2022-03-19 05:50:52
64,Qaanaaq,77.484,-69.3632,-9.71,90,100,6.08,66,overcast clouds,GL,2022-03-19 05:50:53
65,Port Lincoln,-34.7333,135.8667,77.52,58,67,9.44,181,broken clouds,AU,2022-03-19 05:50:53
66,Hobart,-42.8794,147.3294,72.23,58,20,12.66,150,few clouds,AU,2022-03-19 05:47:45
67,Antropovo,58.3988,43.0066,30.09,88,94,5.41,301,overcast clouds,RU,2022-03-19 05:50:54
68,Saint-Philippe,-21.3585,55.7679,85.21,81,38,1.19,216,scattered clouds,RE,2022-03-19 05:50:54
69,Gitega,-3.5,29.95,63.93,83,30,0.65,292,scattered clouds,BI,2022-03-19 05:50:55
70,Kasempa,-13.4584,25.8338,65.07,93,96,5.53,83,overcast clouds,ZM,2022-03-19 05:50:55
71,Barrow,71.2906,-156.7887,-14.78,76,0,10.36,230,clear sky,US,2022-03-19 05:50:56
72,Zhizdra,53.746,34.7395,25.92,86,74,3.42,15,broken clouds,RU,2022-03-19 05:50:57
73,Omboue,-1.5746,9.2618,77.23,91,93,8.57,146,light rain,GA,2022-03-19 05:50:57
74,Carmo Do Paranaiba,-19.0008,-46.3161,62.74,94,11,2.82,137,few clouds,BR,2022-03-19 05:50:57
75,Takhtamygda,54.1,123.5667,17.47,52,57,3.89,278,broken clouds,RU,2022-03-19 05:50:58
76,Saldanha,-33.0117,17.9442,60.85,75,20,7.14,176,few clouds,ZA,2022-03-19 05:50:59
77,Lebu,-37.6167,-73.65,55.11,75,100,12.8,178,overcast clouds,CL,2022-03-19 05:50:59
78,Longyearbyen,78.2186,15.6401,24.64,80,40,9.22,140,scattered clouds,SJ,2022-03-19 05:51:00
79,Palmer,42.1584,-72.3287,55.67,72,75,5.75,200,broken clouds,US,2022-03-19 05:51:00
80,Teya,60.3778,92.6267,22.77,85,100,9.78,247,overcast clouds,RU,2022-03-19 05:51:01
81,Cidreira,-30.1811,-50.2056,72.41,92,100,15.57,233,light rain,BR,2022-03-19 05:51:01
82,Bugko,12.5356,124.7923,89.19,60,76,10.76,52,broken clouds,PH,2022-03-19 05:51:02
83,Abu Samrah,35.3029,37.1841,37.6,91,99,7.0,12,overcast clouds,SY,2022-03-19 05:51:02
84,Butaritari,3.0707,172.7902,81.41,80,17,20.42,82,light rain,KI,2022-03-19 05:51:03
85,New Norfolk,-42.7826,147.0587,71.89,36,5,1.99,29,clear sky,AU,2022-03-19 05:51:04
86,Altamira,-3.2033,-52.2064,71.8,100,100,1.95,82,overcast clouds,BR,2022-03-19 05:51:04
87,Kavaratti,10.5669,72.642,83.66,66,91,10.31,268,overcast clouds,IN,2022-03-19 05:51:05
88,Hay River,60.8156,-115.7999,6.78,85,20,4.61,80,few clouds,CA,2022-03-19 05:50:20
89,Tuktoyaktuk,69.4541,-133.0374,-11.2,77,75,12.66,300,light snow,CA,2022-03-19 05:51:06
90,Nikolskoye,59.7035,30.7861,37.87,91,71,3.85,280,broken clouds,RU,2022-03-19 05:51:06
91,Laguna,38.421,-121.4238,59.43,67,0,9.22,210,clear sky,US,2022-03-19 05:52:06
92,Houma,29.5958,-90.7195,64.4,60,18,8.99,293,few clouds,US,2022-03-19 05:52:07
93,Namibe,-15.1961,12.1522,73.53,63,96,9.33,177,overcast clouds,AO,2022-03-19 05:52:07
94,Oneonta,42.4529,-75.0638,58.84,77,100,9.44,155,overcast clouds,US,2022-03-19 05:52:08
95,Harnosand,62.6323,17.9379,32.0,73,16,14.12,214,few clouds,SE,2022-03-19 05:52:08
96,Flinders,-34.5833,150.8552,73.38,72,95,5.99,234,overcast clouds,AU,2022-03-19 05:52:09
97,Rocha,-34.4833,-54.3333,56.91,67,85,11.77,194,overcast clouds,UY,2022-03-19 05:52:09
98,Bonthe,7.5264,-12.505,75.51,86,92,3.58,302,overcast clouds,SL,2022-03-19 05:52:10
99,Lata,40.1629,-8.3327,45.91,71,2,8.28,110,clear sky,PT,2022-03-19 05:52:10
100,Tura,25.5198,90.2201,93.94,20,22,6.46,235,few clouds,IN,2022-03-19 05:52:11
101,Khandagayty,50.7333,92.05,20.03,56,3,0.83,72,clear sky,RU,2022-03-19 05:52:11
102,Biak,-0.9131,122.8766,82.67,75,100,1.81,63,overcast clouds,ID,2022-03-19 05:52:12
103,Brattvag,62.6002,6.4434,51.37,60,92,20.94,184,overcast clouds,NO,2022-03-19 05:52:12
104,Rameshki,57.3439,36.0453,28.2,83,11,3.04,336,few clouds,RU,2022-03-19 05:52:13
105,Alice Springs,-23.7,133.8833,96.35,14,40,5.75,130,scattered clouds,AU,2022-03-19 05:52:14
106,Capinopolis,-18.6819,-49.5697,71.04,89,32,2.17,47,scattered clouds,BR,2022-03-19 05:52:14
107,Hovd,48.0056,91.6419,27.54,55,90,6.08,80,overcast clouds,MN,2022-03-19 05:52:15
108,Aksay,47.26,39.87,29.25,42,7,11.99,64,clear sky,RU,2022-03-19 05:52:15
109,Tomigusuku,26.185,127.675,73.53,67,20,12.66,330,few clouds,JP,2022-03-19 05:52:16
110,Grand Gaube,-20.0064,57.6608,86.38,79,53,4.0,27,broken clouds,MU,2022-03-19 05:52:17
111,Cairns,-16.9167,145.7667,88.07,71,75,18.41,130,broken clouds,AU,2022-03-19 05:52:17
112,Mamakan,57.8161,114.0028,18.88,62,100,7.36,262,overcast clouds,RU,2022-03-19 05:52:18
113,Ambulu,-8.345,113.6058,85.82,72,94,7.14,216,light rain,ID,2022-03-19 05:52:18
114,Broome,42.2506,-75.833,57.61,78,100,5.99,148,moderate rain,US,2022-03-19 05:52:19
115,Pacific Grove,36.6177,-121.9166,53.71,86,100,6.91,260,overcast clouds,US,2022-03-19 05:51:04
116,Provideniya,64.3833,-173.3,-2.29,80,0,6.55,342,clear sky,RU,2022-03-19 05:52:20
117,Poum,-20.2333,164.0167,79.57,81,100,10.85,244,overcast clouds,NC,2022-03-19 05:52:20
118,Mezen,65.8522,44.24,32.09,91,91,10.42,269,overcast clouds,RU,2022-03-19 05:52:21
119,Nishihara,26.1842,127.7558,73.06,68,40,13.8,310,scattered clouds,JP,2022-03-19 05:52:21
120,Bulgan,48.8125,103.5347,26.74,31,95,11.79,353,overcast clouds,MN,2022-03-19 05:52:21
121,Half Moon Bay,37.4636,-122.4286,54.63,81,0,4.61,310,clear sky,US,2022-03-19 05:52:22
122,Caxito,-8.5785,13.6643,73.47,88,99,3.13,115,overcast clouds,AO,2022-03-19 05:52:22
123,Naze,28.3667,129.4833,63.52,74,51,15.86,297,broken clouds,JP,2022-03-19 05:52:23
124,Nouadhibou,20.931,-17.0347,60.78,82,2,14.97,20,clear sky,MR,2022-03-19 05:52:23
125,Soe,-9.8607,124.284,74.62,85,99,2.93,183,overcast clouds,ID,2022-03-19 05:52:24
126,Morros,-9.4467,-46.3003,73.72,80,85,1.99,326,overcast clouds,BR,2022-03-19 05:52:24
127,Hami,42.8,93.45,53.38,27,99,3.4,260,overcast clouds,CN,2022-03-19 05:52:25
128,Hilo,19.7297,-155.09,73.13,93,100,3.44,210,moderate rain,US,2022-03-19 05:49:41
129,Mahebourg,-20.4081,57.7,86.25,72,37,1.92,21,light rain,MU,2022-03-19 05:52:26
130,Port Hardy,50.6996,-127.4199,41.18,93,100,4.61,220,light rain,CA,2022-03-19 05:52:26
131,Hithadhoo,-0.6,73.0833,83.89,69,99,17.47,256,light rain,MV,2022-03-19 05:52:27
132,Antalaha,-14.9003,50.2788,84.13,71,99,2.75,345,light rain,MG,2022-03-19 05:52:27
133,Bredasdorp,-34.5322,20.0403,68.94,90,63,8.57,95,broken clouds,ZA,2022-03-19 05:52:28
134,Muravlenko,63.7898,74.523,26.73,91,100,19.35,270,overcast clouds,RU,2022-03-19 05:52:28
135,Ballina,-28.8667,153.5667,78.98,75,75,13.8,190,broken clouds,AU,2022-03-19 05:52:29
136,Colares,38.7992,-9.4469,55.33,67,1,7.0,64,clear sky,PT,2022-03-19 05:52:29
137,San Juan,-31.5375,-68.5364,64.02,30,26,6.31,184,scattered clouds,AR,2022-03-19 05:51:03
138,Aklavik,68.2191,-135.0107,-15.43,92,77,8.86,343,broken clouds,CA,2022-03-19 05:52:30
139,Amapa,1.0,-52.0,70.52,99,100,1.52,350,overcast clouds,BR,2022-03-19 05:53:30
140,Kabanjahe,3.1001,98.4908,78.22,61,93,6.02,258,overcast clouds,ID,2022-03-19 05:53:31
141,Nemuro,43.3236,145.575,30.31,96,100,36.66,44,snow,JP,2022-03-19 05:53:31
142,Atuona,-9.8,-139.0333,78.66,78,10,16.35,96,clear sky,PF,2022-03-19 05:53:32
143,Sao Joao Da Barra,-21.6403,-41.0511,75.83,89,1,12.82,27,clear sky,BR,2022-03-19 05:53:32
144,Mansa,29.9833,75.3833,99.52,14,0,7.85,153,clear sky,IN,2022-03-19 05:53:33
145,Shetpe,44.1667,52.1167,31.26,53,7,11.39,61,clear sky,KZ,2022-03-19 05:53:34
146,Hofn,64.2539,-15.2082,39.24,97,100,7.47,310,heavy intensity rain,IS,2022-03-19 05:53:34
147,Port-Gentil,-0.7193,8.7815,80.56,94,75,12.66,180,thunderstorm with rain,GA,2022-03-19 05:53:35
148,Kaitangata,-46.2817,169.8464,58.98,72,46,12.64,68,scattered clouds,NZ,2022-03-19 05:53:35
149,Lavrentiya,65.5833,-171.0,-11.7,86,1,8.32,311,clear sky,RU,2022-03-19 05:53:35
150,Yola,9.2,12.4833,75.65,14,7,0.36,255,clear sky,NG,2022-03-19 05:53:36
151,Saskylakh,71.9167,114.0833,18.27,94,100,9.93,190,light snow,RU,2022-03-19 05:53:36
152,Ishim,56.1128,69.4902,21.29,92,100,9.69,247,overcast clouds,RU,2022-03-19 05:53:37
153,Salalah,17.0151,54.0924,81.16,19,0,18.88,348,clear sky,OM,2022-03-19 05:53:37
154,Tuatapere,-46.1333,167.6833,62.44,72,63,6.24,190,broken clouds,NZ,2022-03-19 05:53:38
155,Port Elizabeth,-33.918,25.5701,68.31,99,75,4.61,30,fog,ZA,2022-03-19 05:53:38
156,Saint George,37.1041,-113.5841,55.63,26,0,1.99,71,clear sky,US,2022-03-19 05:52:53
157,Lompoc,34.6391,-120.4579,52.63,85,100,11.01,293,overcast clouds,US,2022-03-19 05:49:15
158,Bandarbeyla,9.4942,50.8122,81.14,60,2,10.96,56,clear sky,SO,2022-03-19 05:53:39
159,Erzin,36.9559,36.2,39.33,43,53,8.95,353,broken clouds,TR,2022-03-19 05:53:40
160,Inhambane,-23.865,35.3833,73.38,68,40,5.01,210,scattered clouds,MZ,2022-03-19 05:53:40
161,Batticaloa,7.7102,81.6924,84.13,68,5,5.26,7,clear sky,LK,2022-03-19 05:53:41
162,Quelimane,-17.8786,36.8883,76.95,94,75,9.22,150,light intensity drizzle,MZ,2022-03-19 05:53:41
163,Ozernovskiy,51.5,156.5167,34.99,79,99,4.09,110,overcast clouds,RU,2022-03-19 05:53:42
164,Beringovskiy,63.05,179.3167,-4.74,87,4,2.82,319,clear sky,RU,2022-03-19 05:53:42
165,Kieta,-6.2167,155.6333,84.2,67,19,4.09,13,few clouds,PG,2022-03-19 05:53:43
166,Isangel,-19.55,169.2667,81.3,80,99,5.68,315,overcast clouds,VU,2022-03-19 05:53:43
167,Tallahassee,30.4383,-84.2807,62.85,99,100,9.22,150,overcast clouds,US,2022-03-19 05:52:05
168,Camopi,3.1655,-52.3158,70.43,100,100,0.54,50,overcast clouds,GF,2022-03-19 05:53:44
169,Kudahuvadhoo,2.6708,72.8944,83.34,74,11,15.21,269,few clouds,MV,2022-03-19 05:53:44
170,Chuy,-33.6971,-53.4616,57.79,75,93,12.64,212,overcast clouds,UY,2022-03-19 05:53:45
171,Iqaluit,63.7506,-68.5145,-16.31,75,75,5.75,350,broken clouds,CA,2022-03-19 05:53:45
172,Ribeira Grande,38.5167,-28.7,54.27,62,100,25.72,339,overcast clouds,PT,2022-03-19 05:53:46
173,Paamiut,61.994,-49.6678,9.73,92,100,3.78,70,light snow,GL,2022-03-19 05:53:46
174,Esperance,-33.8667,121.9,67.84,79,100,17.96,163,overcast clouds,AU,2022-03-19 05:53:47
175,Olga,43.7444,135.2892,32.23,53,95,11.54,66,overcast clouds,RU,2022-03-19 05:53:47
176,Kashan,33.9831,51.4364,51.39,23,0,2.3,120,clear sky,IR,2022-03-19 05:53:48
177,Ajdabiya,30.7554,20.2263,53.44,60,53,28.9,94,broken clouds,LY,2022-03-19 05:53:48
178,Fortuna,40.5982,-124.1573,47.66,94,0,4.61,120,clear sky,US,2022-03-19 05:51:18
179,Tiksi,71.6872,128.8694,7.11,76,100,26.96,209,overcast clouds,RU,2022-03-19 05:53:49
180,Kurumkan,54.3,110.3,16.11,77,98,1.83,171,overcast clouds,RU,2022-03-19 05:53:49
181,San Pedro,14.35,121.0167,92.43,57,40,4.61,0,scattered clouds,PH,2022-03-19 05:53:50
182,Airai,-8.9266,125.4092,70.97,82,99,1.05,239,overcast clouds,TL,2022-03-19 05:53:50
183,Victoria,22.2855,114.1577,84.25,87,20,1.99,234,few clouds,HK,2022-03-19 05:49:22
184,Sikonge,-5.6333,32.7667,68.97,85,59,2.42,131,broken clouds,TZ,2022-03-19 05:53:51
185,Birao,10.2849,22.7882,72.46,12,27,8.99,96,scattered clouds,CF,2022-03-19 05:53:52
186,Porto Belo,-27.1578,-48.5531,74.25,96,100,7.56,224,light rain,BR,2022-03-19 05:53:52
187,Tasiilaq,65.6145,-37.6368,4.95,92,74,6.24,358,broken clouds,GL,2022-03-19 05:53:53
188,Emirdag,39.0197,31.15,20.41,67,94,14.58,356,overcast clouds,TR,2022-03-19 05:53:53
189,Manjakandriana,-18.9167,47.8,65.89,86,100,2.93,92,overcast clouds,MG,2022-03-19 05:54:54
190,Chilakalurupet,16.0833,80.1667,94.73,36,27,11.56,174,scattered clouds,IN,2022-03-19 05:54:54
191,Oktyabrskiy,54.4815,53.471,27.7,92,100,4.56,318,overcast clouds,RU,2022-03-19 05:54:55
192,Doka,13.5167,35.7667,84.9,25,53,9.48,32,broken clouds,SD,2022-03-19 05:54:55
193,Ibipeba,-11.6408,-42.0111,65.44,90,45,7.61,142,scattered clouds,BR,2022-03-19 05:54:55
194,Khatanga,71.9667,102.5,17.71,94,85,7.85,265,overcast clouds,RU,2022-03-19 05:54:56
195,Constitucion,-35.3333,-72.4167,60.93,42,100,6.35,160,overcast clouds,CL,2022-03-19 05:51:37
196,Jinchang,38.4953,102.1739,50.5,33,44,12.86,1,scattered clouds,CN,2022-03-19 05:54:57
197,Raudeberg,61.9875,5.1352,42.87,73,67,27.98,169,broken clouds,NO,2022-03-19 05:54:57
198,Quatre Cocos,-20.2078,57.7625,86.09,70,64,5.03,352,broken clouds,MU,2022-03-19 05:52:08
199,Chaiyo,14.6764,100.4686,98.24,32,76,4.99,164,broken clouds,TH,2022-03-19 05:54:58
200,Miyazu,35.5333,135.1833,43.0,89,100,6.93,337,moderate rain,JP,2022-03-19 05:54:59
201,Ginda,30.6945,78.4932,79.92,18,3,7.61,218,clear sky,IN,2022-03-19 05:55:00
202,Praia Da Vitoria,38.7333,-27.0667,50.25,87,75,29.17,335,broken clouds,PT,2022-03-19 05:55:00
203,East London,-33.0153,27.9116,70.74,88,0,6.91,10,clear sky,ZA,2022-03-19 05:52:25
204,Severo-Kurilsk,50.6789,156.125,32.77,95,100,18.61,84,light snow,RU,2022-03-19 05:54:56
205,Riverton,40.5219,-111.9391,45.25,55,0,5.99,119,clear sky,US,2022-03-19 05:55:01
206,Sungairaya,0.7,108.9,87.04,62,91,4.05,275,overcast clouds,ID,2022-03-19 05:55:01
207,Trincomalee,8.5711,81.2335,87.66,62,5,4.81,219,clear sky,LK,2022-03-19 05:55:02
208,Fort-Shevchenko,44.5086,50.263,33.35,67,14,16.33,60,few clouds,KZ,2022-03-19 05:55:02
209,Douentza,14.9951,-2.9517,79.2,14,63,4.81,347,broken clouds,ML,2022-03-19 05:55:03
210,Canavieiras,-15.675,-38.9472,73.18,92,51,2.51,180,broken clouds,BR,2022-03-19 05:50:53
211,Dunedin,-45.8742,170.5036,56.8,77,82,8.01,10,broken clouds,NZ,2022-03-19 05:55:04
212,Nome,64.5011,-165.4064,-16.1,99,7,6.87,329,clear sky,US,2022-03-19 05:55:04
213,Chlorakas,34.8042,32.4083,47.28,49,75,5.75,340,broken clouds,CY,2022-03-19 05:55:05
214,Great Yarmouth,52.6083,1.7305,45.45,89,1,16.26,88,clear sky,GB,2022-03-19 05:55:05
215,Leningradskiy,69.3833,178.4167,-11.13,80,0,4.47,197,clear sky,RU,2022-03-19 05:55:06
216,Jalu,29.0331,21.5482,54.32,57,41,19.75,91,scattered clouds,LY,2022-03-19 05:55:06
217,Sonqor,34.7837,47.6004,38.7,35,46,5.7,184,scattered clouds,IR,2022-03-19 05:55:07
218,Matamoros,25.5333,-103.25,59.67,28,18,6.55,63,few clouds,MX,2022-03-19 05:55:07
219,Antas,41.7364,-8.3089,49.68,72,84,4.54,87,broken clouds,PT,2022-03-19 05:55:08
220,Haicheng,40.8516,122.7475,37.31,32,23,16.69,6,few clouds,CN,2022-03-19 05:55:08
221,Russell,32.3502,-85.1999,63.68,93,100,11.5,180,overcast clouds,US,2022-03-19 05:55:09
222,Cabedelo,-6.9811,-34.8339,75.87,79,67,5.75,124,broken clouds,BR,2022-03-19 05:55:09
223,Dzaoudzi,-12.7887,45.2699,85.89,70,0,3.44,290,clear sky,YT,2022-03-19 05:55:10
224,Luderitz,-26.6481,15.1594,71.08,70,8,8.19,160,clear sky,NA,2022-03-19 05:55:10
225,Geraldton,-28.7667,114.6,86.41,48,100,24.16,190,overcast clouds,AU,2022-03-19 05:54:36
226,Peruibe,-24.32,-46.9983,76.59,84,97,4.41,301,overcast clouds,BR,2022-03-19 05:55:11
227,Uchaly,54.2996,59.4521,18.41,88,96,3.4,235,overcast clouds,RU,2022-03-19 05:55:12
228,Chicama,-7.8447,-79.1469,71.53,76,60,5.08,185,broken clouds,PE,2022-03-19 05:55:12
229,Okhotsk,59.3833,143.3,20.82,93,100,11.07,106,light snow,RU,2022-03-19 05:55:13
230,Tambacounda,13.7539,-13.7586,76.75,19,1,4.56,337,clear sky,SN,2022-03-19 05:55:13
231,Blairmore,49.6,-114.4353,37.53,60,100,14.97,300,overcast clouds,CA,2022-03-19 05:55:14
232,Salinopolis,-0.6136,-47.3561,75.16,93,100,6.42,288,overcast clouds,BR,2022-03-19 05:55:14
233,Bengkulu,-3.8004,102.2655,82.81,63,95,2.48,305,overcast clouds,ID,2022-03-19 05:55:15
234,Norman Wells,65.282,-126.8329,-2.16,78,40,2.3,360,scattered clouds,CA,2022-03-19 05:55:15
235,Guamal,9.1433,-74.2238,77.63,86,98,3.78,218,overcast clouds,CO,2022-03-19 05:54:43
236,Belaya Gora,68.5333,146.4167,0.36,89,39,2.48,196,scattered clouds,RU,2022-03-19 05:56:16
237,Coihaique,-45.5752,-72.0662,39.15,81,0,4.61,360,clear sky,CL,2022-03-19 05:53:59
238,Kirakira,-10.4544,161.9205,81.37,78,100,3.8,342,moderate rain,SB,2022-03-19 05:56:16
239,Kavieng,-2.5744,150.7967,85.89,62,57,12.88,85,broken clouds,PG,2022-03-19 05:56:17
240,San Patricio,28.017,-97.5169,68.09,51,6,9.22,54,clear sky,US,2022-03-19 05:56:18
241,Goderich,43.7501,-81.7165,44.92,81,100,5.75,140,overcast clouds,CA,2022-03-19 05:56:18
242,Zhigansk,66.7697,123.3711,3.79,93,100,22.39,161,overcast clouds,RU,2022-03-19 05:56:19
243,Almeirim,-1.5233,-52.5817,72.18,99,100,2.08,59,overcast clouds,BR,2022-03-19 05:56:19
244,Lamu,-2.2717,40.902,82.67,69,38,6.8,105,scattered clouds,KE,2022-03-19 05:56:20
245,Jijiga,9.35,42.8,72.5,37,44,8.75,158,scattered clouds,ET,2022-03-19 05:56:20
246,Keighley,53.8679,-1.9066,47.71,3,5,7.0,114,clear sky,GB,2022-03-19 05:56:21
247,Samarai,-10.6167,150.6667,86.97,68,95,5.3,336,overcast clouds,PG,2022-03-19 05:56:21
248,Carnarvon,-24.8667,113.6333,86.07,45,0,17.27,200,clear sky,AU,2022-03-19 05:56:22
249,Okahandja,-21.9833,16.9167,64.47,77,93,10.38,67,overcast clouds,NA,2022-03-19 05:56:22
250,Salamanca,40.8333,-6.0,41.99,86,85,3.2,116,overcast clouds,ES,2022-03-19 05:54:36
251,Atikokan,48.7555,-91.6216,22.41,96,93,2.77,161,overcast clouds,CA,2022-03-19 05:56:23
252,Zhigalovo,54.8097,105.1578,21.04,74,100,7.9,293,light snow,RU,2022-03-19 05:56:23
253,Souillac,-20.5167,57.5167,84.18,71,37,1.3,205,scattered clouds,MU,2022-03-19 05:52:17
254,Lorengau,-2.0226,147.2712,85.75,64,71,8.9,102,broken clouds,PG,2022-03-19 05:54:15
255,Urengoy,65.9667,78.3667,24.82,92,100,13.6,301,overcast clouds,RU,2022-03-19 05:56:24
256,Santa Marta,11.2408,-74.199,82.89,65,23,21.99,178,few clouds,CO,2022-03-19 05:56:25
257,Faanui,-16.4833,-151.75,82.51,70,5,14.56,106,clear sky,PF,2022-03-19 05:56:25
258,Kizukuri,40.8061,140.3861,39.11,78,100,6.93,300,overcast clouds,JP,2022-03-19 05:56:26
259,Saryg-Sep,51.5,95.6,17.69,83,100,3.91,267,overcast clouds,RU,2022-03-19 05:56:26
260,Faya,18.3851,42.4509,60.91,54,12,5.59,221,few clouds,SA,2022-03-19 05:53:43
261,Codrington,-38.2667,141.9667,78.31,35,19,3.56,229,few clouds,AU,2022-03-19 05:56:27
262,Tilichiki,60.4667,166.1,15.87,93,100,4.27,67,light snow,RU,2022-03-19 05:56:28
263,Castro,-24.7911,-50.0119,64.71,97,96,5.26,231,overcast clouds,BR,2022-03-19 05:56:28
264,Opuwo,-18.0607,13.84,68.77,56,8,3.87,174,clear sky,NA,2022-03-19 05:56:29
265,Avarua,-21.2078,-159.775,78.85,83,90,4.61,100,overcast clouds,CK,2022-03-19 05:53:31
266,Anloga,5.7947,0.8973,82.13,82,53,13.51,226,broken clouds,GH,2022-03-19 05:56:29
267,Touba,8.2833,-7.6833,72.37,88,96,4.23,218,overcast clouds,CI,2022-03-19 05:56:30
268,Husavik,66.0449,-17.3389,28.44,95,100,4.7,118,snow,IS,2022-03-19 05:56:30
269,Monkey Bay,-14.0728,34.9201,74.52,85,100,12.93,156,overcast clouds,MW,2022-03-19 05:56:31
270,Warren,39.4334,-84.1666,59.49,86,100,14.97,250,heavy intensity rain,US,2022-03-19 05:56:31
271,Port-Cartier,50.0334,-66.8654,23.22,86,4,7.34,333,clear sky,CA,2022-03-19 05:53:05
272,Sharanga,57.1775,46.5396,28.49,92,76,6.46,295,broken clouds,RU,2022-03-19 05:56:32
273,Yomou,7.5603,-9.2653,69.96,98,96,2.33,246,overcast clouds,GN,2022-03-19 05:56:33
274,Edeia,-17.3383,-49.9314,68.31,93,13,1.72,78,few clouds,BR,2022-03-19 05:56:33
275,Ambilobe,-13.2,49.05,81.07,86,100,3.87,293,light rain,MG,2022-03-19 05:56:33
276,Jalingo,8.8833,11.3667,76.3,14,14,2.89,91,few clouds,NG,2022-03-19 05:56:34
277,Rognan,67.0953,15.3878,46.54,88,100,17.09,208,moderate rain,NO,2022-03-19 05:56:34
278,Miri,4.4148,114.0089,84.34,79,40,6.91,0,scattered clouds,MY,2022-03-19 05:56:35
279,Ilulissat,69.2167,-51.1,-2.43,98,100,9.37,201,light snow,GL,2022-03-19 05:56:35
280,Sola,-13.8833,167.55,80.82,76,100,11.03,332,overcast clouds,VU,2022-03-19 05:56:36
281,Cuenca,-2.8833,-78.9833,59.13,88,94,3.44,250,overcast clouds,EC,2022-03-19 05:56:36
282,Santo Antonio Da Platina,-23.295,-50.0772,69.87,95,99,2.15,205,overcast clouds,BR,2022-03-19 05:57:37
283,Virginia Beach,36.8529,-75.978,64.45,87,75,5.75,190,broken clouds,US,2022-03-19 05:54:38
284,Portland,45.5234,-122.6762,53.02,81,100,4.0,231,overcast clouds,US,2022-03-19 05:57:04
285,Asfi,32.2994,-9.2372,57.09,77,0,7.49,65,clear sky,MA,2022-03-19 05:57:38
286,Carson City,39.1638,-119.7674,54.43,43,0,5.01,188,clear sky,US,2022-03-19 05:53:27
287,Ust-Tsilma,65.441,52.1498,31.05,90,77,10.45,263,broken clouds,RU,2022-03-19 05:57:39
288,Makhinjauri,41.6739,41.694,33.66,93,75,6.91,200,light snow,GE,2022-03-19 05:57:39
289,Maceio,-9.6658,-35.7353,72.84,94,20,3.44,310,few clouds,BR,2022-03-19 05:57:40
290,Almenara,-16.1836,-40.6944,67.15,98,26,1.16,273,light rain,BR,2022-03-19 05:57:40
291,Hambantota,6.1241,81.1185,88.14,74,20,10.36,260,few clouds,LK,2022-03-19 05:57:41
292,The Pas,53.8251,-101.2541,32.02,80,0,8.05,250,clear sky,CA,2022-03-19 05:57:41
293,Detroit,42.3314,-83.0458,47.25,96,100,8.05,90,light rain,US,2022-03-19 05:53:25
294,Coquimbo,-29.9533,-71.3436,58.73,100,100,0.0,0,mist,CL,2022-03-19 05:57:42
295,Bathsheba,13.2167,-59.5167,79.41,73,40,24.16,90,scattered clouds,BB,2022-03-19 05:57:43
296,Cabo San Lucas,22.8909,-109.9124,68.5,77,0,7.9,308,clear sky,MX,2022-03-19 05:57:43
297,Moose Factory,51.2585,-80.6094,21.2,73,0,3.44,140,clear sky,CA,2022-03-19 05:57:44
298,Phan Thiet,10.9333,108.1,89.56,52,95,12.17,134,overcast clouds,VN,2022-03-19 05:54:54
299,Venice,27.0998,-82.4543,72.99,97,0,3.44,50,clear sky,US,2022-03-19 05:53:54
300,Luba,3.4568,8.5547,76.89,77,74,3.8,225,broken clouds,GQ,2022-03-19 05:57:45
301,Meadow Lake,34.8014,-106.5436,46.13,20,12,4.45,6,few clouds,US,2022-03-19 05:57:45
302,Cockburn Town,21.4612,-71.1419,77.65,77,2,23.24,98,clear sky,TC,2022-03-19 05:57:45
303,Kalmunai,7.4167,81.8167,85.55,66,8,6.96,11,clear sky,LK,2022-03-19 05:54:30
304,Ancud,-41.8697,-73.8203,47.08,82,100,4.79,164,overcast clouds,CL,2022-03-19 05:57:46
305,Tetouan,35.5711,-5.3724,56.17,82,57,12.66,110,broken clouds,MA,2022-03-19 05:57:47
306,Fairbanks,64.8378,-147.7164,21.81,66,0,0.0,0,clear sky,US,2022-03-19 05:55:53
307,Puerto Narino,-3.7703,-70.3831,73.36,98,100,0.83,53,moderate rain,CO,2022-03-19 05:57:47
308,Anadyr,64.75,177.4833,-3.5,71,0,4.47,30,clear sky,RU,2022-03-19 05:53:32
309,Port Keats,-14.25,129.55,91.33,54,88,10.36,200,overcast clouds,AU,2022-03-19 05:57:48
310,Najran,17.4924,44.1277,59.65,23,16,2.53,124,few clouds,SA,2022-03-19 05:57:48
311,Hervey Bay,-25.2986,152.8535,80.02,61,67,8.99,184,broken clouds,AU,2022-03-19 05:57:49
312,Cuyo,10.8525,121.0086,83.44,73,98,2.24,42,overcast clouds,PH,2022-03-19 05:57:50
313,Sabang,5.8933,95.3214,81.7,77,100,24.09,207,light rain,ID,2022-03-19 05:57:50
314,Smithers,54.7804,-127.1743,35.92,80,40,4.61,140,scattered clouds,CA,2022-03-19 05:57:51
315,Haines Junction,60.7522,-137.5108,28.35,74,91,1.14,40,overcast clouds,CA,2022-03-19 05:53:22
316,Tynda,55.1667,124.7167,12.25,67,72,5.73,281,broken clouds,RU,2022-03-19 05:57:52
317,Nanortalik,60.1432,-45.2371,16.03,81,86,5.3,335,overcast clouds,GL,2022-03-19 05:57:52
318,Bandar-E Lengeh,26.5579,54.8807,73.51,43,0,4.61,300,clear sky,IR,2022-03-19 05:57:53
319,Vardo,70.3705,31.1107,33.46,76,57,31.94,228,broken clouds,NO,2022-03-19 05:53:49
320,Linxia,35.6003,103.2064,55.94,39,89,6.42,11,overcast clouds,CN,2022-03-19 05:57:54
321,Awjilah,29.1081,21.2869,54.73,57,69,20.47,95,broken clouds,LY,2022-03-19 05:57:54
322,Padang,-0.9492,100.3543,87.85,76,95,4.18,313,overcast clouds,ID,2022-03-19 05:55:24
323,Kloulklubed,7.0419,134.2556,82.9,77,100,13.58,73,overcast clouds,PW,2022-03-19 05:57:55
324,Deputatskiy,69.3,139.9,-2.67,94,29,2.42,119,scattered clouds,RU,2022-03-19 05:57:55
325,Mustasaari,63.1142,21.6822,35.89,74,0,11.5,210,clear sky,FI,2022-03-19 05:58:51
326,Ponta Do Sol,32.6667,-17.1,63.05,70,100,3.62,272,overcast clouds,PT,2022-03-19 05:58:56
327,Yulara,-25.2406,130.9889,100.24,15,40,4.61,310,scattered clouds,AU,2022-03-19 05:56:35
328,Karratha,-20.7377,116.8463,96.26,42,0,18.77,19,clear sky,AU,2022-03-19 05:58:57
329,Sesheke,-17.4759,24.2968,66.04,93,90,7.58,96,overcast clouds,ZM,2022-03-19 05:58:57
330,Auki,-8.7676,160.7034,82.51,80,100,3.94,345,overcast clouds,SB,2022-03-19 05:58:58
331,Stranda,62.3096,6.9358,48.54,70,60,16.93,168,broken clouds,NO,2022-03-19 05:58:58
332,Paita,-5.0892,-81.1144,73.71,75,19,10.51,164,few clouds,PE,2022-03-19 05:58:59
333,Honiara,-9.4333,159.95,83.19,74,100,4.43,11,overcast clouds,SB,2022-03-19 05:58:59
334,Narsaq,60.9167,-46.05,8.92,91,100,5.48,26,overcast clouds,GL,2022-03-19 05:59:00
335,Pedernales,18.0384,-71.744,76.66,67,21,7.16,89,few clouds,DO,2022-03-19 05:59:00
336,Fare,-16.7,-151.0167,82.35,72,9,14.88,106,clear sky,PF,2022-03-19 05:59:01
337,Hue,16.4667,107.6,86.11,66,40,4.61,50,scattered clouds,VN,2022-03-19 05:59:01
338,Mitsamiouli,-11.3847,43.2844,84.49,70,20,3.44,60,light rain,KM,2022-03-19 05:59:02
339,Ponta Delgada,37.7333,-25.6667,52.52,58,40,9.22,330,scattered clouds,PT,2022-03-19 05:56:45
340,Necochea,-38.5473,-58.7368,49.66,58,10,8.79,272,clear sky,AR,2022-03-19 05:59:03
341,Dustlik,40.5247,68.0358,41.76,51,100,5.77,340,overcast clouds,UZ,2022-03-19 05:59:03
342,La Palma,33.8464,-118.0467,67.95,74,21,1.01,122,few clouds,US,2022-03-19 05:59:04
343,Omsukchan,62.5333,155.8,6.53,86,71,7.14,170,broken clouds,RU,2022-03-19 05:59:04
344,Pisco,-13.7,-76.2167,66.25,88,0,12.66,210,clear sky,PE,2022-03-19 05:57:28
345,Marrakesh,31.6315,-8.0083,53.67,94,75,2.3,0,mist,MA,2022-03-19 05:57:00
346,Malanje,-9.5402,16.341,64.99,94,99,2.24,322,light rain,AO,2022-03-19 05:59:05
347,Havre-Saint-Pierre,50.2334,-63.5986,26.6,39,0,12.66,320,clear sky,CA,2022-03-19 05:59:06
348,Ostrov,57.3439,28.3537,22.73,81,5,2.33,268,clear sky,RU,2022-03-19 05:59:06
349,Yar-Sale,66.8333,70.8333,20.84,90,79,7.31,214,broken clouds,RU,2022-03-19 05:59:07
350,Rincon,32.296,-81.2354,65.86,86,69,1.01,190,broken clouds,US,2022-03-19 05:57:00
351,Varkkallai,8.7341,76.7067,89.38,67,42,10.42,285,scattered clouds,IN,2022-03-19 05:59:08
352,Shimoda,34.6667,138.95,61.16,61,73,24.07,259,broken clouds,JP,2022-03-19 05:59:08
353,Zyryanka,65.75,150.85,8.85,83,95,4.56,192,overcast clouds,RU,2022-03-19 05:59:09
354,Kaupanger,61.1845,7.2404,37.89,64,0,5.75,250,clear sky,NO,2022-03-19 05:59:09
355,Bam,29.106,58.357,66.97,12,0,5.73,56,clear sky,IR,2022-03-19 05:55:15
356,Cayenne,4.9333,-52.3333,79.09,1,75,4.61,80,broken clouds,GF,2022-03-19 05:59:10
357,Urumqi,43.801,87.6005,31.15,93,100,4.47,320,light snow,CN,2022-03-19 05:59:10
358,Idenao,4.2475,9.0047,79.5,88,86,0.58,95,light rain,CM,2022-03-19 05:59:11
359,Mount Gambier,-37.8333,140.7667,78.71,36,60,9.22,340,broken clouds,AU,2022-03-19 05:59:11
360,Komsomolskiy,40.4272,71.7189,38.12,87,100,6.91,280,mist,UZ,2022-03-19 05:56:23
361,Pevek,69.7008,170.3133,-12.21,87,15,6.33,140,few clouds,RU,2022-03-19 05:59:12
362,Teeli,51.0333,90.2333,18.91,77,47,3.22,80,scattered clouds,RU,2022-03-19 05:59:12
363,Turayf,31.6725,38.6637,44.85,100,0,6.91,260,clear sky,SA,2022-03-19 05:59:13
364,Rehoboth,-23.3167,17.0833,63.7,82,53,10.25,63,broken clouds,NA,2022-03-19 05:59:13
365,La Paz,-16.5,-68.15,46.38,87,40,11.5,80,scattered clouds,BO,2022-03-19 05:59:14
366,East Wenatchee Bench,47.4257,-120.2812,48.96,64,100,1.99,159,overcast clouds,US,2022-03-19 05:59:15
367,Okato,-39.2,173.8833,67.91,67,100,4.38,131,overcast clouds,NZ,2022-03-19 05:59:15
368,Ankpa,7.3706,7.6253,73.18,89,94,4.83,224,overcast clouds,NG,2022-03-19 05:59:16
369,Merauke,-8.4667,140.3333,84.25,77,52,8.1,218,broken clouds,ID,2022-03-19 05:55:05
370,Okha,53.5739,142.9478,30.02,91,100,7.52,64,snow,RU,2022-03-19 05:59:17
371,Kurchum,48.5722,83.6542,21.85,81,99,4.88,262,overcast clouds,KZ,2022-03-19 05:59:17
372,Hammerfest,70.6634,23.6821,36.05,75,99,13.8,210,light rain,NO,2022-03-19 06:00:18
373,Lakatoro,-16.0999,167.4164,83.32,76,90,8.05,326,overcast clouds,VU,2022-03-19 05:58:51
374,Veraval,20.9,70.3667,87.53,44,52,13.2,295,broken clouds,IN,2022-03-19 05:59:09
375,Banjarmasin,-3.3244,114.591,87.94,79,96,2.46,319,overcast clouds,ID,2022-03-19 06:00:19
376,The Valley,18.217,-63.0578,78.1,76,13,22.57,86,few clouds,AI,2022-03-19 06:00:19
377,Broken Hill,-31.95,141.4333,87.21,25,0,8.25,145,clear sky,AU,2022-03-19 06:00:20
378,Vila Franca Do Campo,37.7167,-25.4333,52.21,72,74,21.34,328,broken clouds,PT,2022-03-19 06:00:20
379,Fort Nelson,58.8053,-122.7002,31.62,94,100,2.39,88,overcast clouds,CA,2022-03-19 06:00:21
380,Shanghai,31.2222,121.4581,51.93,71,75,13.42,20,broken clouds,CN,2022-03-19 05:58:32
381,Miyako,39.6367,141.9525,37.69,89,98,16.73,331,overcast clouds,JP,2022-03-19 06:00:22
382,Capaci,38.1711,13.2393,58.75,59,75,6.91,60,broken clouds,IT,2022-03-19 06:00:23
383,Vao,-22.6667,167.4833,77.94,74,68,3.04,121,broken clouds,NC,2022-03-19 06:00:23
384,Gravdal,68.1214,13.5031,44.35,90,100,46.28,245,light rain,NO,2022-03-19 06:00:24
385,Midland,31.9974,-102.0779,51.64,41,0,0.0,0,clear sky,US,2022-03-19 05:56:49
386,Thinadhoo,0.5333,72.9333,82.76,75,75,17.38,262,broken clouds,MV,2022-03-19 06:00:25
387,Porto Santo,33.072,-16.3415,59.38,58,75,4.61,240,broken clouds,PT,2022-03-19 06:00:25
388,Orotukan,62.2667,151.7,12.36,83,65,6.26,203,broken clouds,RU,2022-03-19 06:00:26
389,Inuvik,68.3499,-133.7218,-16.85,99,98,6.69,316,overcast clouds,CA,2022-03-19 06:00:26
390,Tucuma,-0.1833,-50.05,74.61,95,100,4.54,3,overcast clouds,BR,2022-03-19 06:00:27
391,Yeppoon,-23.1333,150.7333,83.98,58,98,17.43,104,overcast clouds,AU,2022-03-19 06:00:00
392,Kruisfontein,-34.0033,24.7314,68.59,86,100,2.73,93,overcast clouds,ZA,2022-03-19 06:00:28
393,Cagdianao,9.9211,125.6692,84.07,72,95,10.13,75,overcast clouds,PH,2022-03-19 06:00:28
394,Vagur,61.4732,-6.8119,46.83,87,100,37.54,202,overcast clouds,FO,2022-03-19 06:00:29
395,Lagoa,39.05,-27.9833,52.36,62,97,27.56,331,overcast clouds,PT,2022-03-19 06:00:29
396,Puerto Escondido,15.85,-97.0667,77.99,68,6,4.29,302,clear sky,MX,2022-03-19 06:00:30
397,Chapais,49.7834,-74.8492,17.13,90,76,4.76,118,broken clouds,CA,2022-03-19 06:00:30
398,Muroto,33.2833,134.15,56.79,67,94,13.24,306,overcast clouds,JP,2022-03-19 06:00:31
399,Methven,-43.6333,171.65,58.46,79,99,4.0,57,light rain,NZ,2022-03-19 06:00:32
400,Pandan,14.0453,124.1694,83.91,77,74,6.87,107,broken clouds,PH,2022-03-19 05:56:37
401,Crixas,-14.5489,-49.9692,70.97,90,42,3.18,131,scattered clouds,BR,2022-03-19 06:00:32
402,Nikki,9.9401,3.2108,76.5,42,99,4.14,216,overcast clouds,BJ,2022-03-19 06:00:33
403,Mareeba,-17.0,145.4333,84.67,68,76,5.64,121,broken clouds,AU,2022-03-19 06:00:33
404,Vacaria,-28.5122,-50.9339,61.45,99,100,4.41,333,overcast clouds,BR,2022-03-19 05:59:39
405,Marawi,7.9986,124.2928,78.67,77,94,6.46,354,overcast clouds,PH,2022-03-19 06:00:34
406,Awbari,26.5921,12.7805,72.05,25,9,11.34,229,clear sky,LY,2022-03-19 06:00:35
407,Sal Rei,16.1833,-22.9167,68.72,78,97,17.98,23,overcast clouds,CV,2022-03-19 06:00:35
408,Chardara,41.2547,67.9692,40.91,50,94,9.53,5,overcast clouds,KZ,2022-03-19 06:00:36
409,Ninghai,29.2892,121.4247,56.61,82,98,7.83,5,overcast clouds,CN,2022-03-19 06:00:36
410,Marinette,45.1,-87.6307,32.49,98,100,14.83,17,light snow,US,2022-03-19 06:00:37
411,Muncar,-8.4333,114.3333,85.19,74,100,8.61,201,overcast clouds,ID,2022-03-19 06:00:37
412,Cururupu,-1.8283,-44.8683,73.13,98,100,2.75,89,light rain,BR,2022-03-19 06:00:38
413,Tukrah,32.5341,20.5791,53.2,68,84,21.41,97,broken clouds,LY,2022-03-19 06:00:39
414,Kisaran,2.9845,99.6158,94.55,45,88,1.16,346,overcast clouds,ID,2022-03-19 06:00:39
415,Zabaykalsk,49.6333,117.3167,21.69,59,88,6.53,226,overcast clouds,RU,2022-03-19 06:01:40
416,Moses Lake,47.1301,-119.2781,42.89,68,100,4.25,122,overcast clouds,US,2022-03-19 06:01:40
417,Henties Bay,-22.116,14.2845,66.56,76,0,3.18,252,clear sky,NA,2022-03-19 06:01:41
418,Chokurdakh,70.6333,147.9167,-5.42,94,31,5.88,171,scattered clouds,RU,2022-03-19 06:01:41
419,Tual,-5.6667,132.75,85.03,67,46,4.38,241,scattered clouds,ID,2022-03-19 06:01:42
420,Sciacca,37.5082,13.0881,57.99,75,100,24.54,104,overcast clouds,IT,2022-03-19 06:01:42
421,Barabinsk,55.3571,78.357,18.86,92,100,8.95,273,overcast clouds,RU,2022-03-19 06:01:43
422,Asau,46.4333,26.4,30.96,52,26,5.28,21,scattered clouds,RO,2022-03-19 06:01:43
423,Olafsvik,64.8945,-23.7142,33.91,80,100,6.49,86,overcast clouds,IS,2022-03-19 06:01:44
424,Ahuimanu,21.4447,-157.8378,76.75,74,22,4.0,46,few clouds,US,2022-03-19 06:01:44
425,Adrar,20.5022,-10.0711,61.99,35,53,9.19,56,broken clouds,MR,2022-03-19 06:01:45
426,La Asuncion,11.0333,-63.8628,76.73,88,10,13.8,100,clear sky,VE,2022-03-19 06:01:46
427,Rock Sound,24.9,-76.2,76.59,81,1,16.31,114,clear sky,BS,2022-03-19 05:59:54
428,Zheleznogorsk,52.331,35.3711,19.2,93,49,2.71,49,scattered clouds,RU,2022-03-19 06:01:46
429,Ambon,-3.6954,128.1814,89.74,70,40,9.22,220,scattered clouds,ID,2022-03-19 06:01:47
430,Malinovskiy,61.1953,62.8397,32.88,88,30,6.55,286,scattered clouds,RU,2022-03-19 06:01:47
431,Escanaba,45.7453,-87.0646,33.76,86,100,6.91,360,overcast clouds,US,2022-03-19 06:01:48
432,Bestobe,52.4994,73.0975,7.3,87,78,3.47,280,broken clouds,KZ,2022-03-19 06:01:48
433,Belem De Sao Francisco,-8.7539,-38.9658,70.34,85,17,7.78,110,few clouds,BR,2022-03-19 06:01:49
434,Udachnyy,66.4167,112.4,12.47,86,100,15.88,226,light snow,RU,2022-03-19 06:01:49
435,Dawei,14.0833,98.2,89.2,58,96,10.11,249,overcast clouds,MM,2022-03-19 06:01:50
436,Wilmington,34.2257,-77.9447,69.71,71,0,8.05,200,clear sky,US,2022-03-19 06:01:50
437,Yerbogachen,61.2767,108.0108,16.61,91,100,12.39,235,light snow,RU,2022-03-19 06:01:51
438,Idappadi,11.5833,77.85,90.7,39,53,4.16,189,broken clouds,IN,2022-03-19 06:01:51
439,Batagay-Alyta,67.8006,130.4114,0.52,69,0,4.81,189,clear sky,RU,2022-03-19 06:01:52
440,Marovoay,-16.1,46.6333,80.42,85,95,3.04,87,overcast clouds,MG,2022-03-19 06:01:52
441,Rawson,-43.3002,-65.1023,51.98,53,0,5.93,341,clear sky,AR,2022-03-19 05:59:07
442,Svetlogorsk,52.6333,29.7333,30.29,57,0,4.5,20,clear sky,BY,2022-03-19 06:00:46
443,Seoul,37.5683,126.9778,42.37,78,75,12.66,90,broken clouds,KR,2022-03-19 05:57:04
444,Hatillo,18.4863,-66.8254,74.79,90,3,1.99,23,clear sky,PR,2022-03-19 06:01:53
445,Prince Rupert,54.3161,-130.3201,37.49,93,100,5.75,140,light rain,CA,2022-03-19 06:01:54
446,Bajos De Haina,18.4154,-70.0332,76.32,78,51,8.68,18,broken clouds,DO,2022-03-19 06:01:55
447,Hamilton,39.1834,-84.5333,59.18,91,100,10.36,180,light rain,US,2022-03-19 06:01:55
448,Ixtapa,20.7,-105.2,67.23,78,0,3.09,91,clear sky,MX,2022-03-19 06:00:14
449,Bayangol,50.6977,103.4656,21.49,53,100,4.03,38,overcast clouds,RU,2022-03-19 06:01:56
450,Puerto Carreno,6.189,-67.4859,79.66,64,98,6.71,44,overcast clouds,CO,2022-03-19 06:01:56
451,Lobito,-12.3481,13.5456,77.25,70,53,1.83,98,broken clouds,AO,2022-03-19 06:01:57
452,Vincennes,48.85,2.4333,44.17,64,0,18.41,60,clear sky,FR,2022-03-19 06:01:57
453,Semey,50.4111,80.2275,14.22,79,0,13.42,270,clear sky,KZ,2022-03-19 05:59:32
454,Ayagoz,47.9714,80.4392,18.07,88,99,7.18,0,overcast clouds,KZ,2022-03-19 06:01:58
455,Angoche,-16.2325,39.9086,78.58,89,100,7.18,238,light rain,MZ,2022-03-19 06:01:59
456,Tessalit,20.1986,1.0114,69.76,19,1,9.8,41,clear sky,ML,2022-03-19 06:02:00
457,Nara,34.6851,135.8049,53.49,47,100,10.31,293,light rain,JP,2022-03-19 06:01:23
458,Reyes,-14.3167,-67.3833,72.57,99,100,1.68,175,overcast clouds,BO,2022-03-19 06:02:00
459,Bonfim,3.0833,-59.95,75.97,83,100,7.65,57,overcast clouds,BR,2022-03-19 06:02:01
460,Hohoe,7.1518,0.4736,75.79,95,14,3.98,162,few clouds,GH,2022-03-19 06:02:01
461,Coihueco,-36.6167,-71.8333,57.42,25,100,2.89,159,overcast clouds,CL,2022-03-19 06:03:02
462,Viedma,-40.8135,-62.9967,51.49,45,18,4.81,12,few clouds,AR,2022-03-19 06:03:02
463,Manbij,36.5281,37.9549,36.72,53,99,11.86,345,light rain,SY,2022-03-19 06:03:03
464,Waw,7.7029,27.9953,81.72,15,100,5.86,21,overcast clouds,SS,2022-03-19 06:03:03
465,Raga,8.4596,25.678,75.54,14,69,7.58,14,broken clouds,SS,2022-03-19 06:00:18
466,Dillon,34.4166,-79.3712,60.71,77,99,8.32,219,overcast clouds,US,2022-03-19 06:00:40
467,Igarapava,-20.0383,-47.7469,70.81,85,82,2.35,72,broken clouds,BR,2022-03-19 06:02:49
468,Aykhal,66.0,111.5,9.5,88,100,19.26,235,overcast clouds,RU,2022-03-19 06:03:04
469,Harper,4.375,-7.7169,78.94,88,89,7.47,248,overcast clouds,LR,2022-03-19 06:03:05
470,Turukhansk,65.8167,87.9833,23.63,96,100,12.68,235,snow,RU,2022-03-19 06:03:06
471,Otradnoye,59.7775,30.8181,38.03,92,73,3.96,280,broken clouds,RU,2022-03-19 06:03:06
472,Kungurtug,50.5994,97.5228,19.18,66,100,2.08,345,overcast clouds,RU,2022-03-19 06:03:06
473,Nadadores,27.05,-101.6,57.16,31,2,3.87,314,clear sky,MX,2022-03-19 06:03:07
474,Noshiro,40.2039,140.0242,40.37,82,87,8.63,12,overcast clouds,JP,2022-03-19 06:03:07
475,Sibolga,1.7427,98.7792,81.16,77,98,4.43,296,overcast clouds,ID,2022-03-19 06:03:08
476,San Andres,12.5847,-81.7006,80.37,73,91,19.19,68,overcast clouds,CO,2022-03-19 06:00:13
477,Balsas,-7.5325,-46.0356,72.59,91,98,0.72,112,overcast clouds,BR,2022-03-19 06:03:08
478,Baracoa,20.3467,-74.4958,75.54,87,14,7.2,61,few clouds,CU,2022-03-19 06:03:09
479,Ankazobe,-18.3167,47.1167,69.22,85,100,2.15,31,light rain,MG,2022-03-19 06:03:09
480,Bom Jesus Da Lapa,-13.255,-43.4181,68.11,81,49,2.01,198,scattered clouds,BR,2022-03-19 06:01:12
481,Saint-Augustin,51.226,-58.6502,15.76,85,76,9.91,324,broken clouds,CA,2022-03-19 06:03:10
482,Chara,56.9064,118.2631,4.37,65,66,1.83,154,broken clouds,RU,2022-03-19 06:03:11
483,Balikpapan,-1.2675,116.8289,85.19,79,20,5.75,110,few clouds,ID,2022-03-19 06:03:11
484,Gambela,8.25,34.5833,84.11,47,92,4.79,74,overcast clouds,ET,2022-03-19 06:03:12
485,Sao Filipe,14.8961,-24.4956,69.87,73,53,12.66,55,broken clouds,CV,2022-03-19 06:03:12
486,Pishin,30.5803,66.9961,68.52,24,0,2.75,263,clear sky,PK,2022-03-19 06:03:13
487,Ugoofaaru,5.6667,73.0,83.55,70,12,15.43,276,few clouds,MV,2022-03-19 06:03:13
488,Port Macquarie,-31.4333,152.9167,70.9,69,85,16.35,190,overcast clouds,AU,2022-03-19 06:03:14
489,Grants Pass,42.439,-123.3284,54.3,63,0,5.75,110,clear sky,US,2022-03-19 06:00:04
490,Luis Correia,-2.8792,-41.6669,76.86,89,90,8.68,84,overcast clouds,BR,2022-03-19 06:03:15
491,Tucumcari,35.1717,-103.725,39.04,65,0,0.0,0,clear sky,US,2022-03-19 06:03:15
492,Filingue,14.3521,3.3168,74.41,12,13,8.34,107,few clouds,NE,2022-03-19 06:03:16
493,Palu,-0.8917,119.8707,83.23,88,96,4.18,281,overcast clouds,ID,2022-03-19 06:03:16
494,Churapcha,62.0025,132.4325,11.03,82,100,2.64,303,overcast clouds,RU,2022-03-19 06:03:17
495,Astana,51.1801,71.446,6.75,78,0,8.95,80,clear sky,KZ,2022-03-19 06:03:17
496,Acarau,-2.8856,-40.12,75.9,89,75,6.44,106,broken clouds,BR,2022-03-19 06:03:18
497,Valle Hermoso,25.6667,-97.8333,60.66,61,62,7.87,62,broken clouds,MX,2022-03-19 06:03:19
498,San Jeronimo,-11.9472,-75.2829,50.22,79,100,1.9,86,overcast clouds,PE,2022-03-19 06:03:19
499,Mbarara,-0.608,30.65,69.82,66,10,4.65,146,clear sky,UG,2022-03-19 06:03:20
500,Taggia,43.8485,7.8545,54.99,38,95,12.64,9,overcast clouds,IT,2022-03-19 06:03:20
501,Bangolo,7.0069,-7.475,70.63,99,70,1.54,268,broken clouds,CI,2022-03-19 06:03:20
502,Abaza,52.655,90.0928,28.62,66,93,6.85,287,overcast clouds,RU,2022-03-19 06:03:21
503,Busko-Zdroj,50.4708,20.7188,28.09,49,0,8.01,82,clear sky,PL,2022-03-19 06:03:21
504,Kuvandyk,51.4781,57.3552,16.54,89,69,5.19,77,broken clouds,RU,2022-03-19 06:03:22
505,Farah,32.5,62.5,56.71,31,0,4.88,323,clear sky,AF,2022-03-19 06:03:23
506,Guilin,25.2819,110.2864,83.97,54,74,5.19,217,broken clouds,CN,2022-03-19 06:03:23
507,High Level,58.5169,-117.136,16.68,98,53,1.97,89,broken clouds,CA,2022-03-19 06:03:24
508,Carndonagh,55.25,-7.2667,42.78,86,9,10.02,134,clear sky,IE,2022-03-19 06:03:24
509,Kozhevnikovo,56.2589,83.9714,22.24,83,100,10.27,255,overcast clouds,RU,2022-03-19 06:03:24
510,Yumen,40.2833,97.2,48.72,28,100,18.28,98,overcast clouds,CN,2022-03-19 06:04:25
511,Dingle,10.9995,122.6711,91.62,48,100,12.3,63,overcast clouds,PH,2022-03-19 06:04:26
512,Ibra,22.6906,58.5334,84.34,23,0,3.18,173,clear sky,OM,2022-03-19 06:04:26
513,Conde,-7.2597,-34.9075,74.66,94,20,5.75,190,few clouds,BR,2022-03-19 06:04:27
514,Dwarka,22.2394,68.9678,82.96,58,31,10.58,259,scattered clouds,IN,2022-03-19 06:04:27
515,Dzhebariki-Khaya,62.2167,135.8,19.38,82,100,2.28,307,overcast clouds,RU,2022-03-19 06:04:28
516,Copiapo,-27.3667,-70.3333,69.71,51,0,1.12,4,clear sky,CL,2022-03-19 06:01:42
517,Mananjary,-21.2167,48.3333,76.28,91,100,10.51,187,moderate rain,MG,2022-03-19 06:04:28
518,Thunder Bay,48.4001,-89.3168,17.47,99,78,2.64,332,broken clouds,CA,2022-03-19 06:02:54
519,Sakakah,29.9697,40.2064,51.37,36,0,1.7,299,clear sky,SA,2022-03-19 05:59:57
520,Sept-Iles,50.2001,-66.3821,10.29,87,4,7.67,349,clear sky,CA,2022-03-19 06:04:29
521,Kamenka,51.3223,42.7678,18.36,92,53,3.78,22,broken clouds,RU,2022-03-19 06:04:29
522,Kotido,2.9806,34.1331,76.93,50,46,6.17,143,scattered clouds,UG,2022-03-19 06:04:30
523,Santiago,-33.4569,-70.6483,73.17,38,74,0.85,71,broken clouds,CL,2022-03-19 06:00:45
524,Tsaratanana,-16.7833,47.65,77.76,87,100,0.85,305,overcast clouds,MG,2022-03-19 06:04:31
525,Clearlake,38.9582,-122.6264,52.79,63,100,4.5,266,overcast clouds,US,2022-03-19 06:04:31
526,Mayumba,-3.432,10.6554,78.22,89,100,10.0,150,moderate rain,GA,2022-03-19 06:04:32
527,Borba,-4.3878,-59.5939,73.31,97,99,2.48,69,moderate rain,BR,2022-03-19 06:04:32
528,Paso De Los Toros,-32.8167,-56.5167,52.56,90,27,8.55,177,scattered clouds,UY,2022-03-19 06:04:33
529,Calama,-22.4667,-68.9333,54.19,44,0,4.21,91,clear sky,CL,2022-03-19 06:00:11
530,Tsagan Aman,47.5639,46.7218,27.0,54,5,9.22,44,clear sky,RU,2022-03-19 06:04:34
531,Lake Charles,30.2131,-93.2044,57.97,56,0,13.8,350,clear sky,US,2022-03-19 06:04:34
532,Verkhoyansk,67.5447,133.385,6.58,78,24,7.76,198,few clouds,RU,2022-03-19 06:04:34
533,Kununurra,-15.7667,128.7333,94.98,46,100,8.05,160,overcast clouds,AU,2022-03-19 06:04:35
534,Korem,12.5058,39.5228,53.91,94,99,4.72,105,light rain,ET,2022-03-19 06:04:35
535,Shizukuishi,39.6833,140.9833,36.01,99,95,5.39,19,overcast clouds,JP,2022-03-19 06:04:36
536,Toora-Khem,52.4675,96.11,21.52,71,76,6.93,303,broken clouds,RU,2022-03-19 06:04:36
537,Contamana,-7.3333,-75.0167,73.87,93,100,2.24,5,overcast clouds,PE,2022-03-19 06:04:37
538,Kysyl-Syr,63.8986,122.7617,14.43,77,92,9.17,185,overcast clouds,RU,2022-03-19 06:04:37
539,Akhisar,38.9185,27.8401,33.04,60,16,14.09,18,few clouds,TR,2022-03-19 06:04:38
540,Itoman,26.1247,127.6694,73.4,67,20,13.8,320,few clouds,JP,2022-03-19 06:04:39
541,Senno,59.5336,33.9167,26.26,91,58,3.94,266,broken clouds,RU,2022-03-19 06:04:39
542,Aviles,43.5547,-5.9248,52.38,83,0,5.75,190,clear sky,ES,2022-03-19 06:04:40
543,Whitehorse,60.7161,-135.0538,30.97,93,100,20.71,170,light snow,CA,2022-03-19 06:00:17
544,Carauari,-4.8828,-66.8958,72.68,99,100,1.07,205,overcast clouds,BR,2022-03-19 06:04:40
545,Blankenberge,51.3131,3.1323,44.55,75,0,7.0,49,clear sky,BE,2022-03-19 06:04:41
546,Talnakh,69.4865,88.3972,24.21,92,100,2.93,318,light snow,RU,2022-03-19 06:04:41
547,Yibin,28.7667,104.6238,87.15,44,2,4.23,59,clear sky,CN,2022-03-19 06:04:42
548,Vestmanna,62.1564,-7.1664,47.32,81,100,6.91,0,overcast clouds,FO,2022-03-19 06:04:42
549,Dhidhdhoo,6.8833,73.1,83.25,70,5,14.5,272,clear sky,MV,2022-03-19 06:04:43
550,Marsh Harbour,26.5412,-77.0636,75.74,81,0,13.33,136,clear sky,BS,2022-03-19 06:00:03
551,Izhma,65.0083,53.9113,30.97,85,32,8.48,254,scattered clouds,RU,2022-03-19 06:04:44
552,Lenti,46.624,16.5386,27.84,65,8,1.59,243,clear sky,HU,2022-03-19 06:04:44
553,Sobolevo,54.4299,31.8996,23.22,87,11,4.79,6,few clouds,RU,2022-03-19 06:04:45
554,Ola,59.5833,151.2833,23.14,79,80,5.5,43,broken clouds,RU,2022-03-19 06:04:45
555,Yaan,7.3833,8.5667,77.49,78,75,3.74,195,broken clouds,NG,2022-03-19 06:01:26
556,Katsuura,35.1333,140.3,62.62,71,96,3.91,64,overcast clouds,JP,2022-03-19 06:05:46
557,Zabol,32.25,67.25,62.35,24,0,7.76,254,clear sky,AF,2022-03-19 06:05:47
558,Elat,29.5581,34.9482,58.5,65,0,10.89,356,clear sky,IL,2022-03-19 06:05:47
559,Channel-Port Aux Basques,47.5702,-59.1367,32.56,88,73,15.95,315,broken clouds,CA,2022-03-19 06:05:48
560,Wanning,18.8003,110.3967,80.58,80,100,7.7,121,overcast clouds,CN,2022-03-19 06:05:48
561,Oga,46.4631,10.347,35.8,98,100,1.21,170,light snow,IT,2022-03-19 06:05:49
562,Te Anau,-45.4167,167.7167,65.8,57,76,3.4,200,broken clouds,NZ,2022-03-19 06:05:49
563,Lohardaga,23.4333,84.6833,94.75,15,96,3.11,161,overcast clouds,IN,2022-03-19 06:05:50
564,Natal,-5.795,-35.2094,75.85,94,20,3.44,240,few clouds,BR,2022-03-19 06:01:40
565,Genhe,50.7833,121.5167,19.09,58,98,5.61,245,overcast clouds,CN,2022-03-19 06:05:50
566,Scottsbluff,41.8666,-103.6672,44.78,53,0,8.01,281,clear sky,US,2022-03-19 06:04:43
567,Puquio,-14.7,-74.1333,50.27,84,89,0.67,36,overcast clouds,PE,2022-03-19 06:05:51
568,Stokmarknes,68.5646,14.9108,44.4,91,100,36.6,238,overcast clouds,NO,2022-03-19 06:05:52
569,Samfya,-11.3649,29.5565,67.53,92,100,6.15,139,overcast clouds,ZM,2022-03-19 06:05:52
570,Niquero,20.0431,-77.5828,76.15,78,16,1.77,61,few clouds,CU,2022-03-19 06:05:53
571,Drochia,48.035,27.8161,28.72,50,1,7.67,43,clear sky,MD,2022-03-19 06:05:53
572,Buin,-33.7333,-70.75,74.05,33,76,1.95,187,broken clouds,CL,2022-03-19 06:05:54
573,Sur,22.5667,59.5289,80.37,52,0,10.02,355,clear sky,OM,2022-03-19 06:05:54
574,Camapua,-19.5314,-54.0439,71.69,94,96,0.89,48,overcast clouds,BR,2022-03-19 06:05:55
575,Amahai,-3.3333,128.9167,85.5,71,87,7.02,169,overcast clouds,ID,2022-03-19 06:05:55
576,Port Blair,11.6667,92.75,84.24,74,75,8.05,70,broken clouds,IN,2022-03-19 06:05:56
577,Kurilsk,45.2333,147.8833,29.43,88,100,14.14,87,snow,RU,2022-03-19 06:05:56
578,Vanimo,-2.6741,141.3028,85.57,71,56,8.39,63,broken clouds,PG,2022-03-19 06:05:57
579,Porosozero,62.7191,32.727,33.04,92,93,7.2,268,overcast clouds,RU,2022-03-19 06:05:57
580,Jiuquan,39.7432,98.5174,49.01,27,100,6.55,99,overcast clouds,CN,2022-03-19 06:05:58
581,Menongue,-14.6585,17.691,63.75,82,21,2.95,103,few clouds,AO,2022-03-19 06:05:58
582,Panguna,-6.3164,155.4848,79.3,63,18,1.9,1,few clouds,PG,2022-03-19 06:05:59
583,Rawah,34.4816,41.9093,55.49,39,93,11.27,133,overcast clouds,IQ,2022-03-19 06:05:59
584,Rio Verde De Mato Grosso,-18.9181,-54.8442,73.74,91,100,1.61,27,overcast clouds,BR,2022-03-19 06:04:54
585,Kushikino,31.7167,130.2667,58.08,78,98,24.32,302,moderate rain,JP,2022-03-19 06:06:00
586,Qasigiannguit,68.8193,-51.1922,3.45,97,100,6.78,197,overcast clouds,GL,2022-03-19 06:06:01
587,Shestakovo,56.4915,103.96,21.11,76,100,9.04,263,overcast clouds,RU,2022-03-19 06:06:01
588,Dutse,11.7594,9.3392,67.51,13,18,6.31,73,few clouds,NG,2022-03-19 06:06:02
589,Axim,4.8699,-2.2405,79.07,89,88,6.04,200,overcast clouds,GH,2022-03-19 06:06:03
590,Shepsi,44.0361,39.1489,34.7,64,100,9.91,55,overcast clouds,RU,2022-03-19 06:06:03
591,Belomorsk,64.5232,34.7668,31.26,88,52,9.17,255,broken clouds,RU,2022-03-19 06:06:04
592,Sydney,-33.8679,151.2073,73.74,70,75,18.41,160,broken clouds,AU,2022-03-19 06:06:04
593,At-Bashi,41.1702,75.8106,35.49,98,99,3.71,333,overcast clouds,KG,2022-03-19 06:06:05
594,Peace River,56.2501,-117.286,26.91,87,46,3.29,192,scattered clouds,CA,2022-03-19 06:05:26
595,Karaman,37.0833,33.25,16.2,57,69,23.33,349,broken clouds,TR,2022-03-19 06:06:05
596,Gallup,35.5281,-108.7426,36.01,34,0,0.0,0,clear sky,US,2022-03-19 06:06:06
597,Shumskiy,54.8318,99.1328,23.99,67,97,8.9,303,overcast clouds,RU,2022-03-19 06:06:06
598,Kuminskiy,58.6667,66.5667,26.96,91,84,9.19,229,broken clouds,RU,2022-03-19 06:06:07
599,Vila Velha,-20.3297,-40.2925,74.95,91,20,3.44,310,few clouds,BR,2022-03-19 06:01:16
600,Muros,42.7762,-9.0603,50.16,76,25,7.4,103,scattered clouds,ES,2022-03-19 06:06:08
601,Sambava,-14.2667,50.1667,82.72,75,100,3.29,324,overcast clouds,MG,2022-03-19 06:06:08
602,Can Tho,10.0333,105.7833,89.58,66,40,6.91,60,scattered clouds,VN,2022-03-19 06:06:09
603,Mendota,36.7536,-120.3816,58.01,54,86,2.53,11,overcast clouds,US,2022-03-19 06:06:09
604,Trinidad,-14.8333,-64.9,73.67,97,100,2.73,90,overcast clouds,BO,2022-03-19 06:06:09
605,Bijie,27.3125,105.2942,83.46,23,13,18.84,204,few clouds,CN,2022-03-19 06:07:10
606,Alekseyevsk,57.8406,108.3492,18.07,80,100,9.69,237,light snow,RU,2022-03-19 06:07:11
607,Cavalcante,-13.7975,-47.4583,67.33,84,35,3.91,114,scattered clouds,BR,2022-03-19 06:07:11
608,Poya,-21.35,165.15,75.78,95,100,4.23,227,overcast clouds,NC,2022-03-19 06:07:12
609,Nokaneng,-19.6667,22.2667,64.74,87,100,8.43,100,overcast clouds,BW,2022-03-19 06:07:13
610,Khuzhir,53.1939,107.3397,22.1,56,100,6.31,315,overcast clouds,RU,2022-03-19 06:07:14
611,Tefe,-3.3542,-64.7114,72.5,100,99,1.36,2,overcast clouds,BR,2022-03-19 06:07:14
612,Cuitareo,19.6167,-100.6,50.61,46,1,2.21,42,clear sky,MX,2022-03-19 06:07:15
613,Pogranichnyy,44.4064,131.3769,29.12,53,100,7.47,34,overcast clouds,RU,2022-03-19 06:07:15
614,Mackenzie,55.2999,-123.1698,33.1,99,100,2.1,117,light snow,CA,2022-03-19 06:05:26
615,Amet,25.3,73.9333,95.61,9,42,13.89,264,scattered clouds,IN,2022-03-19 06:07:16
616,Mnogovershinnyy,53.9353,139.9242,19.33,85,97,4.03,8,overcast clouds,RU,2022-03-19 06:07:17
617,Norwood,42.1945,-71.1995,56.66,79,0,11.01,191,clear sky,US,2022-03-19 06:06:27
618,Yelizovo,53.1873,158.3805,32.11,88,100,4.52,50,light snow,RU,2022-03-19 06:07:18
619,Gornopravdinsk,60.05,69.9,29.48,94,100,9.6,233,overcast clouds,RU,2022-03-19 06:07:18
620,Ust-Karsk,52.7011,118.8077,20.37,85,100,2.48,335,light snow,RU,2022-03-19 06:07:19
621,Totness,5.8833,-56.3167,75.2,89,85,7.78,77,overcast clouds,SR,2022-03-19 06:07:19
622,Itapolis,-21.5956,-48.8128,72.7,82,100,3.06,187,overcast clouds,BR,2022-03-19 06:07:20
623,Rawa Mazowiecka,51.7644,20.2549,35.91,45,0,6.76,97,clear sky,PL,2022-03-19 06:07:20
624,Duldurga,50.6761,113.5931,23.07,59,100,3.04,282,light snow,RU,2022-03-19 06:07:21
625,Castellammare Del Golfo,38.0188,12.8858,60.12,73,100,7.36,106,overcast clouds,IT,2022-03-19 06:07:22
626,Xuddur,4.1213,43.8894,81.9,48,54,18.68,91,broken clouds,SO,2022-03-19 06:07:22
627,Oranjestad,12.524,-70.027,78.04,84,5,26.35,84,clear sky,AW,2022-03-19 06:07:23
628,Sainte-Marie,-20.8968,55.5496,86.41,74,0,2.3,0,clear sky,RE,2022-03-19 06:07:23
629,Abu Kamal,34.4506,40.9171,55.56,40,83,7.25,118,broken clouds,SY,2022-03-19 06:07:24
630,Maraba,-5.3686,-49.1178,73.58,100,75,0.0,0,broken clouds,BR,2022-03-19 06:07:24
631,Zhanakorgan,43.9098,67.2495,35.94,51,28,7.61,321,scattered clouds,KZ,2022-03-19 06:07:25
632,Trairi,-3.2778,-39.2689,74.77,89,57,5.7,119,moderate rain,BR,2022-03-19 06:04:53
633,Iringa,-7.7667,35.7,66.04,83,92,1.32,152,overcast clouds,TZ,2022-03-19 06:07:26
634,Roald,62.5833,6.1333,50.14,50,0,25.32,200,clear sky,NO,2022-03-19 06:07:26
635,Boueni,-12.9025,45.0761,85.98,74,100,7.99,291,overcast clouds,YT,2022-03-19 06:07:26
636,Jhargram,22.45,86.9833,96.8,18,59,7.11,172,broken clouds,IN,2022-03-19 06:07:27
637,Sorong,-0.8833,131.25,84.49,74,61,8.86,18,light rain,ID,2022-03-19 06:07:27
638,Chimore,-16.9833,-65.1333,72.21,99,95,1.97,158,overcast clouds,BO,2022-03-19 06:07:28
639,Ornskoldsvik,63.2909,18.7153,34.75,75,40,8.05,200,scattered clouds,SE,2022-03-19 06:07:29
640,Warangal,18.0,79.5833,92.43,35,19,12.26,176,few clouds,IN,2022-03-19 06:07:29
641,Imbituba,-28.24,-48.6703,75.81,92,100,4.05,318,light rain,BR,2022-03-19 06:07:30
642,Rayong,12.8333,101.4333,93.79,61,69,8.34,189,broken clouds,TH,2022-03-19 06:07:30
643,Srandakan,-7.9386,110.2506,84.94,69,87,8.95,242,overcast clouds,ID,2022-03-19 06:07:31
644,Montemor-O-Novo,38.6481,-8.2145,44.76,88,7,5.95,93,clear sky,PT,2022-03-19 06:07:31
645,Tautira,-17.7333,-149.15,81.99,73,7,12.84,95,clear sky,PF,2022-03-19 06:07:32
646,Atkinson,42.8384,-71.147,56.14,84,75,8.05,70,broken clouds,US,2022-03-19 06:07:32
647,Madimba,-10.4,40.3333,80.69,84,100,6.35,309,light rain,TZ,2022-03-19 06:07:33
648,Ostrovnoy,68.0531,39.5131,28.58,78,7,20.33,240,clear sky,RU,2022-03-19 06:07:33
649,Eldorado,-23.7869,-54.2836,70.18,99,100,5.01,110,light rain,BR,2022-03-19 06:08:34
650,Araouane,18.9048,-3.5265,68.81,23,0,9.33,13,clear sky,ML,2022-03-19 06:08:34
651,Dehui,44.5333,125.7,29.59,50,6,10.69,19,clear sky,CN,2022-03-19 06:08:35
652,Ca Mau,9.1769,105.15,99.84,32,65,8.66,113,broken clouds,VN,2022-03-19 06:08:36
653,Uribia,11.7139,-72.266,76.93,76,9,17.81,78,clear sky,CO,2022-03-19 06:07:01
654,Staffanstorp,55.6428,13.2064,38.07,86,0,4.61,50,clear sky,SE,2022-03-19 06:08:37
655,Agirish,61.9247,63.0231,32.36,90,48,7.31,281,scattered clouds,RU,2022-03-19 06:08:37
656,Alice Town,25.7167,-79.3,77.5,78,0,14.94,129,clear sky,BS,2022-03-19 06:08:38
657,Goya,-29.14,-59.2626,59.34,81,41,8.41,166,scattered clouds,AR,2022-03-19 06:08:38
658,Banda Aceh,5.5577,95.3222,82.42,76,100,15.32,198,light rain,ID,2022-03-19 06:08:39
659,Talara,-4.5772,-81.2719,75.16,73,36,13.58,168,scattered clouds,PE,2022-03-19 06:08:39
660,Nagua,19.3832,-69.8474,72.37,83,2,7.27,102,clear sky,DO,2022-03-19 06:08:40
661,Bajil,15.0584,43.2851,79.93,70,9,5.57,294,clear sky,YE,2022-03-19 06:08:40
662,Harrison,30.4091,-89.0436,64.47,56,0,16.11,310,clear sky,US,2022-03-19 06:08:41
663,Yinchuan,38.4681,106.2731,47.73,28,61,2.26,225,broken clouds,CN,2022-03-19 06:08:41
664,Iberia,29.9502,-91.7507,62.56,62,20,6.91,330,few clouds,US,2022-03-19 06:08:42
665,Yuancheng,36.652,107.7896,43.32,38,99,6.96,150,overcast clouds,CN,2022-03-19 06:08:42
666,Gannan,47.9147,123.5031,31.82,29,13,3.09,238,few clouds,CN,2022-03-19 06:08:43
667,Cartagena,10.3997,-75.5144,79.54,79,58,6.58,47,broken clouds,CO,2022-03-19 06:08:43
668,Saurimo,-9.6608,20.3916,64.99,93,61,2.86,111,broken clouds,AO,2022-03-19 06:08:44
669,Monrovia,6.3005,-10.7969,75.22,83,100,3.13,24,overcast clouds,LR,2022-03-19 06:08:45
670,Buraydah,26.326,43.975,67.93,14,0,13.27,184,clear sky,SA,2022-03-19 06:08:45
671,Cootamundra,-34.65,148.0333,85.95,35,12,8.52,90,few clouds,AU,2022-03-19 06:08:46
672,Boguchany,58.3814,97.4531,20.98,86,100,11.25,249,overcast clouds,RU,2022-03-19 06:08:46
673,Agadez,19.75,10.25,68.72,6,20,8.34,199,few clouds,NE,2022-03-19 06:08:47
674,Hermiston,45.8404,-119.2895,52.09,83,0,6.91,160,clear sky,US,2022-03-19 06:08:47
675,Alekseyevka,50.6309,38.6903,13.46,95,83,2.91,41,broken clouds,RU,2022-03-19 06:08:48
676,Ahipara,-35.1667,173.1667,67.71,81,30,10.22,36,scattered clouds,NZ,2022-03-19 06:08:48
677,Muhos,64.808,25.9931,33.89,76,30,12.97,229,scattered clouds,FI,2022-03-19 06:08:49
678,Egvekinot,66.3167,-179.1667,-17.12,84,1,3.27,352,clear sky,RU,2022-03-19 06:08:49
679,Port Augusta,-32.5,137.7667,93.24,28,81,4.68,181,broken clouds,AU,2022-03-19 06:08:50
680,Sarkand,45.41,79.9186,32.7,79,86,3.8,329,overcast clouds,KZ,2022-03-19 06:08:50
681,Taganak,6.0833,118.3,84.2,70,85,7.2,58,moderate rain,PH,2022-03-19 06:08:51
682,Thessalon,46.2501,-83.5666,34.09,98,100,13.18,42,snow,CA,2022-03-19 06:05:02
683,Lasa,46.6166,10.7002,35.02,93,97,1.74,58,overcast clouds,IT,2022-03-19 06:08:52
684,Surgut,61.25,73.4167,24.98,68,0,11.18,240,clear sky,RU,2022-03-19 06:08:06
685,Sokoni,-6.4333,39.55,82.09,74,85,7.18,358,overcast clouds,TZ,2022-03-19 06:08:52
686,Angoram,-4.0625,144.0661,87.12,65,57,7.31,31,broken clouds,PG,2022-03-19 06:08:53
687,Kahului,20.8947,-156.47,75.85,72,40,14.97,60,scattered clouds,US,2022-03-19 06:08:53
688,Durant,33.994,-96.3708,49.51,53,0,4.61,320,clear sky,US,2022-03-19 06:08:54
689,San Cristobal,7.7669,-72.225,65.5,76,92,1.74,75,overcast clouds,VE,2022-03-19 06:08:54
690,Zabid,14.1951,43.3152,80.74,65,51,4.9,294,broken clouds,YE,2022-03-19 06:08:55
691,Aguimes,27.9054,-15.4461,59.63,72,75,6.91,340,broken clouds,ES,2022-03-19 06:08:55
692,Tigil,57.8,158.6667,29.05,77,86,12.93,133,overcast clouds,RU,2022-03-19 06:08:56
693,Olean,42.0776,-78.4297,56.08,100,100,3.44,160,light rain,US,2022-03-19 06:08:56
694,Buriti,-22.9302,-45.3881,68.22,91,73,2.33,53,broken clouds,BR,2022-03-19 06:08:57
695,Iranshahr,27.2025,60.6848,70.14,49,0,0.0,0,clear sky,IR,2022-03-19 06:09:57
696,Riyadh,24.6877,46.7219,64.54,7,0,5.97,174,clear sky,SA,2022-03-19 06:08:35
697,Catamarca,-28.4696,-65.7852,64.78,71,58,4.0,270,broken clouds,AR,2022-03-19 06:08:08
698,South Lake Tahoe,38.9332,-119.9844,46.26,68,0,6.91,210,clear sky,US,2022-03-19 06:06:07
699,Mikun,62.3547,50.0771,27.59,91,89,8.59,260,overcast clouds,RU,2022-03-19 06:09:58
700,Kaifeng,34.7911,114.3483,48.45,39,99,14.12,46,overcast clouds,CN,2022-03-19 06:09:59
701,Valenca,-13.3703,-39.0731,70.86,97,45,2.46,233,scattered clouds,BR,2022-03-19 06:10:00
702,Belyy Yar,53.6039,91.3903,28.29,56,0,4.47,180,clear sky,RU,2022-03-19 06:10:00
703,Megion,61.0296,76.1136,28.02,92,100,13.04,264,overcast clouds,RU,2022-03-19 06:10:01
704,Wuchang,44.9143,127.15,28.71,59,47,5.53,50,scattered clouds,CN,2022-03-19 06:10:01
705,Ilhabela,-23.7781,-45.3581,78.08,79,65,3.98,5,broken clouds,BR,2022-03-19 06:10:02
706,Madaoua,14.073,5.96,70.45,10,5,10.09,68,clear sky,NE,2022-03-19 06:10:02
707,Richards Bay,-28.783,32.0377,71.37,71,66,4.41,351,broken clouds,ZA,2022-03-19 06:10:03
708,Konevo,62.1215,39.3192,27.73,94,37,7.81,265,scattered clouds,RU,2022-03-19 06:10:03
709,Vanavara,60.34,102.2797,19.54,85,100,12.12,244,overcast clouds,RU,2022-03-19 06:10:04
